metric,comparison,mean_diff,ci_lo,ci_hi,p_value,rank_biserial,n,p_holm
unwanted_minutes,F_full_system - B1_no_intervention,-8.764285714285714,-10.47857142857143,-7.2,1.6282105858388913e-09,-1.0,50,1.2048758335207796e-07
unwanted_minutes,F_full_system - B2_static_limit,-4.742857142857143,-6.121428571428571,-3.456964285714288,3.0718111009642964e-08,-0.9478260869565217,50,1.935240993607507e-06
unwanted_minutes,F_full_system - B3_reminder_only,-5.8,-7.192857142857142,-4.514285714285714,6.814092068485134e-09,-0.9608843537414966,50,4.838005368624445e-07
unwanted_minutes,F_full_system - B4_rule_based,-5.2214285714285715,-6.785714285714286,-3.7785714285714285,5.385819946043689e-07,-0.8579710144927536,50,3.016059169784466e-05
unwanted_minutes,F_full_system - A_no_memory,-0.1571428571428571,-0.7573214285714286,0.3858928571428547,0.9379265953895829,-0.022058823529411766,50,1.0
unwanted_minutes,F_full_system - B_no_context,-0.9857142857142857,-1.5573214285714285,-0.4785714285714286,0.0009262860535632325,-0.6153846153846154,50,0.04168287241034546
unwanted_minutes,F_full_system - C_no_personalization,-0.4428571428571427,-1.1000000000000003,0.29285714285714276,0.013879451597452372,-0.4574898785425101,50,0.5551780638980949
unwanted_minutes,F_full_system - D_no_bandit,0.9428571428571431,0.2857142857142858,1.6785714285714286,0.03514918273446051,0.3968705547652916,50,1.0
unwanted_minutes,F_full_system - E_rule_only,-2.5142857142857142,-3.6144642857142855,-1.5571428571428572,1.135812367821426e-05,-0.7774086378737541,50,0.00061333867862357
social_minutes,F_full_system - B1_no_intervention,-16.99285714285714,-19.95732142857143,-13.949821428571429,1.6290099920378263e-09,-1.0,50,1.2048758335207796e-07
social_minutes,F_full_system - B2_static_limit,2.871428571428572,-3.4364285714285723,9.193928571428556,0.4690553077886851,0.11764705882352941,50,1.0
social_minutes,F_full_system - B3_reminder_only,-10.907142857142855,-13.435714285714287,-8.464107142857143,1.82007418536037e-08,-0.9145098039215687,50,1.164847478630637e-06
social_minutes,F_full_system - B4_rule_based,-10.192857142857145,-13.0,-7.5069642857142895,1.1449709392417558e-07,-0.8882978723404256,50,6.98432272937471e-06
social_minutes,F_full_system - A_no_memory,-0.34999999999999915,-1.1858928571428566,0.3785714285714297,0.5173456141013679,-0.18382352941176472,50,1.0
social_minutes,F_full_system - B_no_context,-1.585714285714284,-2.599999999999997,-0.5714285714285714,0.0008940847523624905,-0.6180836707152496,50,0.041127898608674565
social_minutes,F_full_system - C_no_personalization,-1.1285714285714268,-2.328571428571428,0.0642857142857155,0.014964708124145479,-0.44146341463414634,50,0.5836236168416736
social_minutes,F_full_system - D_no_bandit,2.15,1.0857142857142859,3.2642857142857142,0.00025642736753471923,0.6550522648083623,50,0.012821368376735962
social_minutes,F_full_system - E_rule_only,-2.05,-3.499999999999998,-0.6998214285714285,0.006768004720525864,-0.4795127353266888,50,0.2842561982620863
long_sessions,F_full_system - B1_no_intervention,-0.32714285714285707,-0.3971428571428571,-0.25999999999999995,1.105172477314802e-08,-1.0,50,7.625690093472133e-07
long_sessions,F_full_system - B2_static_limit,-0.0014285714285714169,-0.1157142857142857,0.11,0.9855415198657302,0.003171247357293869,50,1.0
long_sessions,F_full_system - B3_reminder_only,-0.2014285714285714,-0.26,-0.1456785714285719,2.1802557219519645e-07,-0.9069767441860465,50,1.3081534331711787e-05
long_sessions,F_full_system - B4_rule_based,-0.22428571428571428,-0.29428571428571426,-0.1614285714285714,2.709775396810596e-07,-0.968705547652916,50,1.5987674841182516e-05
long_sessions,F_full_system - A_no_memory,-0.005714285714285707,-0.019999999999999987,0.007142857142857144,0.560546875,-0.23636363636363636,50,1.0
long_sessions,F_full_system - B_no_context,-0.07,-0.10285714285714284,-0.03857142857142857,0.0004432270067281125,-0.7311827956989247,50,0.021718123329677513
long_sessions,F_full_system - C_no_personalization,-0.04857142857142856,-0.08428571428571428,-0.014285714285714289,0.00889922565789681,-0.5362903225806451,50,0.3648682519737692
long_sessions,F_full_system - D_no_bandit,0.08428571428571431,0.04857142857142858,0.12432142857142808,2.5306906458622503e-05,0.8919540229885058,50,0.0013412660423069926
long_sessions,F_full_system - E_rule_only,-0.039999999999999994,-0.07142857142857142,-0.008571428571428556,0.034625266931637866,-0.43870967741935485,50,1.0
goal_adherence,F_full_system - B1_no_intervention,0.01604109977324263,0.012789200680272101,0.01964889455782311,1.1129844535060877e-08,1.0,50,7.625690093472133e-07
goal_adherence,F_full_system - B2_static_limit,0.01027069160997732,0.007408049886621313,0.013263222789115663,4.891987567746431e-07,0.8805496828752643,50,2.7884329136154657e-05
goal_adherence,F_full_system - B3_reminder_only,0.014233276643990933,0.011094642857142874,0.0177330357142857,1.6395007786711762e-08,1.0,50,1.0656755061362644e-06
goal_adherence,F_full_system - B4_rule_based,0.006922902494331053,0.0029437145691609983,0.011147895408163237,0.0029677038156212684,0.5390243902439025,50,0.1305789678873358
goal_adherence,F_full_system - A_no_memory,-0.0005172902494331111,-0.0011792091836734721,-2.5510204081637956e-05,0.09375,-0.8095238095238095,50,1.0
goal_adherence,F_full_system - B_no_context,0.006298752834467101,0.0030588435374149575,0.01012636763038546,0.00018675399368174938,0.8227513227513228,50,0.009524453677769218
goal_adherence,F_full_system - C_no_personalization,0.00042290249433105885,-0.0018449617346938724,0.0024155612244897945,0.38369388713833996,0.23391812865497075,50,1.0
goal_adherence,F_full_system - D_no_bandit,-0.0018489229024943165,-0.003883708900226744,-4.24319727890984e-05,0.08844996751387219,-0.4057971014492754,50,1.0
goal_adherence,F_full_system - E_rule_only,0.004960317460317454,0.0020052437641723334,0.008312712585034,0.0008285927363898686,0.6989247311827957,50,0.038943858610323824
interventions,F_full_system - B1_no_intervention,3.9457142857142857,3.2070714285714286,4.712928571428571,7.533040895340025e-10,1.0,50,5.725111080458419e-08
interventions,F_full_system - B2_static_limit,-5.0371428571428565,-6.099999999999999,-4.027142857142858,1.0223799694166886e-09,-0.9921568627450981,50,7.667849770625165e-08
interventions,F_full_system - B3_reminder_only,-1.9242857142857142,-2.4786428571428574,-1.335678571428572,1.94116899774487e-06,-0.7733333333333333,50,0.00010676429487596785
interventions,F_full_system - B4_rule_based,-0.040000000000000036,-0.5386428571428571,0.437142857142857,0.6014991405625721,0.08571428571428572,50,1.0
interventions,F_full_system - A_no_memory,-0.02714285714285718,-0.07000000000000002,0.012857142857142794,0.20038256565052337,-0.35294117647058826,50,1.0
interventions,F_full_system - B_no_context,0.21714285714285708,0.10571428571428569,0.33574999999999944,0.0007492108221120208,0.6039488966318235,50,0.03596211946137699
interventions,F_full_system - C_no_personalization,0.054285714285714264,-0.020000000000000146,0.14000000000000004,0.5713545511357291,0.10526315789473684,50,1.0
interventions,F_full_system - D_no_bandit,-0.5128571428571429,-0.6428571428571429,-0.3914285714285715,1.4438000039727981e-08,-0.970048309178744,50,9.529080026220467e-07
interventions,F_full_system - E_rule_only,-0.16142857142857153,-0.3171428571428572,-0.008571428571428577,0.0647579240540321,-0.31267345050878814,50,1.0
acceptance_rate,F_full_system - B1_no_intervention,,,,1.0,,0,1.0
acceptance_rate,F_full_system - B2_static_limit,0.028744939454118955,-0.056733403964241064,0.10942269457294972,0.14601836144972324,0.2376470588235294,50,1.0
acceptance_rate,F_full_system - B3_reminder_only,0.31125116401491315,0.26626994831180384,0.35290503272332197,6.590283874174929e-13,0.9686274509803922,50,5.140421421856445e-11
acceptance_rate,F_full_system - B4_rule_based,-0.07011658177748956,-0.16567239757564442,0.02516354261461808,0.1976349682926415,-0.21098039215686273,50,1.0
acceptance_rate,F_full_system - A_no_memory,0.006817679402073156,-0.0003961237137910715,0.01528872682509918,0.2902231216430664,0.2648221343873518,50,1.0
acceptance_rate,F_full_system - B_no_context,0.003085529509335496,-0.020027114914336074,0.027699849928570733,0.37913069593967774,0.14893617021276595,50,1.0
acceptance_rate,F_full_system - C_no_personalization,-0.004579310926684099,-0.026062744006534133,0.014876725328489106,0.6305816320977442,0.08405797101449275,50,1.0
acceptance_rate,F_full_system - D_no_bandit,0.018550072344269752,-0.005651332393596969,0.041704766171453495,0.12622891376670775,0.25620567375886527,50,1.0
acceptance_rate,F_full_system - E_rule_only,0.05754315674654088,0.016107942198612238,0.09259302809647899,5.7178568475535485e-05,0.6394557823129252,50,0.0029732855607278452
override_rate,F_full_system - B1_no_intervention,,,,1.0,,0,1.0
override_rate,F_full_system - B2_static_limit,-0.49366733417067465,-0.5616609399307091,-0.4272030518689824,1.0658141036401503e-14,-0.996734693877551,50,8.633094239485217e-13
override_rate,F_full_system - B3_reminder_only,0.10928925284390259,0.08635898040759712,0.13285479498118585,7.73366887051725e-08,1.0,50,4.794874699720695e-06
override_rate,F_full_system - B4_rule_based,-0.34829685173208724,-0.4185065961990259,-0.27759486332102956,1.1195400860887464e-08,-0.9777777777777777,50,7.625690093472133e-07
override_rate,F_full_system - A_no_memory,-0.0028617685011657636,-0.009871393736022882,0.003726131031254663,0.41198158264160156,-0.21212121212121213,50,1.0
override_rate,F_full_system - B_no_context,-0.0037426448142491974,-0.016387687684053492,0.0072773982967138835,0.893285383383045,0.02702702702702703,50,1.0
override_rate,F_full_system - C_no_personalization,-0.0001423409274282572,-0.009712445447277208,0.010579473488104688,0.7316290671587922,-0.06685633001422475,50,1.0
override_rate,F_full_system - D_no_bandit,0.013613879198329206,-0.0027568692925173974,0.03030011563411393,0.17480042583338218,0.2550607287449393,50,1.0
override_rate,F_full_system - E_rule_only,0.006464799601483508,-0.007458277989158843,0.020472626332797447,0.3753805605592788,0.16341463414634147,50,1.0
false_positive_rate,F_full_system - B1_no_intervention,,,,1.0,,0,1.0
false_positive_rate,F_full_system - B2_static_limit,-0.1713534089229273,-0.21349711333455618,-0.127231984358217,4.9604764740251994e-11,-0.9231372549019607,50,3.8195668849994036e-09
false_positive_rate,F_full_system - B3_reminder_only,-0.1819678606656276,-0.21334442243490942,-0.14984956505052988,8.028083508024708e-09,-0.9372549019607843,50,5.619658455617296e-07
false_positive_rate,F_full_system - B4_rule_based,-0.03129435937086048,-0.054972379161169406,-0.010835395850464564,0.004820436588488519,-0.5220483641536273,50,0.20727877330500633
false_positive_rate,F_full_system - A_no_memory,-0.0014553187555467308,-0.0033234517215693766,0.00010113167366825606,0.4637451171875,-0.22058823529411764,50,1.0
false_positive_rate,F_full_system - B_no_context,-0.0026054386607975133,-0.009332257345461187,0.003084397812360619,0.9157698068302125,-0.023172905525846704,50,1.0
false_positive_rate,F_full_system - C_no_personalization,-0.0003129569009835753,-0.008519187437007766,0.006596242441341535,0.685047073289752,0.08817204301075268,50,1.0
false_positive_rate,F_full_system - D_no_bandit,0.005627941835969576,0.000637064444446938,0.010882902544859324,0.0342672256520018,0.4151260504201681,50,1.0
false_positive_rate,F_full_system - E_rule_only,-0.0105913480469359,-0.023223561006255177,0.0002786683744436315,0.3013980478434437,-0.19487908961593173,50,1.0
satisfaction,F_full_system - B1_no_intervention,-0.07565462349428792,-0.09144724888236945,-0.0601252597863615,1.7565587728239223e-09,-0.9780392156862745,50,1.264722316433224e-07
satisfaction,F_full_system - B2_static_limit,0.3710422093370909,0.3106579073376005,0.43073724725315055,2.4868995751603507e-14,0.9905882352941177,50,1.9895196601282805e-12
satisfaction,F_full_system - B3_reminder_only,0.10052605461387586,0.08227728298836384,0.11921882986764072,3.6770586575585185e-13,0.9733333333333334,50,2.9048763394712296e-11
satisfaction,F_full_system - B4_rule_based,0.1631224173790403,0.11053482571980594,0.21625805879284235,3.7312124412380854e-07,0.7662745098039215,50,2.1641032159180895e-05
satisfaction,F_full_system - A_no_memory,0.0018812996453642197,-0.0006424787051061375,0.0046527657624821405,0.0993349552154541,0.3732193732193732,50,1.0
satisfaction,F_full_system - B_no_context,-0.004881430974855896,-0.010731333087864944,0.0008925790701586125,0.11423281349964043,-0.26595744680851063,50,1.0
satisfaction,F_full_system - C_no_personalization,-0.0040682193347219816,-0.012593528016362342,0.002980193074860605,0.831822814353643,-0.03768115942028986,50,1.0
satisfaction,F_full_system - D_no_bandit,-0.010604103414767942,-0.021829688808614477,-0.0001826374383869018,0.11393994202132163,-0.2580392156862745,50,1.0
satisfaction,F_full_system - E_rule_only,0.002711155393024592,-0.0062375371840936635,0.011743170843980152,0.42072286282100535,0.13254901960784313,50,1.0
