persona,seed,controller,unwanted_minutes,social_minutes,long_sessions,goal_adherence,interventions,acceptance_rate,override_rate,false_positive_rate,satisfaction
night_owl_student,0,B1_no_intervention,26.071428571428573,177.85714285714286,1.9285714285714286,0.9585034013605442,0.0,,,,0.0
night_owl_student,0,B2_static_limit,22.857142857142858,172.85714285714286,1.7857142857142858,0.9656462585034014,13.642857142857142,0.041884816753926704,0.9581151832460733,0.2094240837696335,-0.7428165217718791
night_owl_student,0,B3_reminder_only,17.857142857142858,165.0,1.5714285714285714,0.9656462585034014,7.714285714285714,0.10185185185185185,0.0,0.25925925925925924,-0.18769494394494388
night_owl_student,0,B4_rule_based,20.0,170.71428571428572,1.8571428571428572,0.9585034013605442,3.5714285714285716,0.06,0.78,0.08,-0.4182954545454546
night_owl_student,0,A_no_memory,12.142857142857142,157.14285714285714,1.5,0.984013605442177,4.428571428571429,0.3709677419354839,0.14516129032258066,0.016129032258064516,-0.1221811224489796
night_owl_student,0,B_no_context,18.928571428571427,165.0,1.7857142857142858,0.9619047619047619,4.0,0.35714285714285715,0.17857142857142858,0.017857142857142856,-0.08938350340136056
night_owl_student,0,C_no_personalization,15.357142857142858,161.42857142857142,1.5714285714285714,0.9687074829931973,4.285714285714286,0.35,0.2,0.016666666666666666,-0.1057511337868481
night_owl_student,0,D_no_bandit,7.142857142857143,147.85714285714286,1.2142857142857142,0.9806122448979593,4.642857142857143,0.47692307692307695,0.13846153846153847,0.03076923076923077,-0.06486394557823129
night_owl_student,0,E_rule_only,16.071428571428573,157.85714285714286,1.5,0.969047619047619,4.0,0.39285714285714285,0.08928571428571429,0.017857142857142856,-0.07510629251700682
night_owl_student,0,F_full_system,13.214285714285714,155.71428571428572,1.3571428571428572,0.9823129251700681,4.285714285714286,0.38333333333333336,0.21666666666666667,0.016666666666666666,-0.11663265306122449
night_owl_student,1,B1_no_intervention,17.5,175.35714285714286,1.5714285714285714,0.9520408163265307,0.0,,,,0.0
night_owl_student,1,B2_static_limit,19.642857142857142,177.85714285714286,1.8571428571428572,0.9520408163265307,14.5,0.04433497536945813,0.9556650246305419,0.1724137931034483,-0.76456851813925
night_owl_student,1,B3_reminder_only,12.857142857142858,169.28571428571428,1.5,0.9591836734693878,7.928571428571429,0.09009009009009009,0.0,0.2072072072072072,-0.17985805860805865
night_owl_student,1,B4_rule_based,17.857142857142858,172.85714285714286,1.5714285714285714,0.9537414965986395,5.285714285714286,0.13513513513513514,0.8243243243243243,0.0,-0.46350840627626344
night_owl_student,1,A_no_memory,10.357142857142858,155.71428571428572,1.1428571428571428,0.9673469387755101,5.214285714285714,0.3150684931506849,0.2191780821917808,0.0,-0.13750141723356007
night_owl_student,1,B_no_context,10.357142857142858,157.5,1.2857142857142858,0.9537414965986395,3.857142857142857,0.3888888888888889,0.2037037037037037,0.0,-0.11565192743764173
night_owl_student,1,C_no_personalization,11.428571428571429,158.92857142857142,1.2857142857142858,0.9625850340136054,5.071428571428571,0.323943661971831,0.28169014084507044,0.0,-0.17480867346938783
night_owl_student,1,D_no_bandit,8.214285714285714,148.92857142857142,0.9285714285714286,0.9724489795918367,5.928571428571429,0.43373493975903615,0.12048192771084337,0.0,-0.053439625850340136
night_owl_student,1,E_rule_only,15.0,161.07142857142858,1.3571428571428572,0.9537414965986395,4.928571428571429,0.2898550724637681,0.2028985507246377,0.0,-0.12810374149659867
night_owl_student,1,F_full_system,10.357142857142858,155.71428571428572,1.1428571428571428,0.9673469387755101,5.214285714285714,0.3150684931506849,0.2191780821917808,0.0,-0.13750141723356007
night_owl_student,2,B1_no_intervention,20.357142857142858,213.92857142857142,2.4285714285714284,0.9421768707482994,0.0,,,,0.0
night_owl_student,2,B2_static_limit,19.285714285714285,215.71428571428572,2.4285714285714284,0.9421768707482994,19.071428571428573,0.04119850187265917,0.9588014981273408,0.2846441947565543,-0.8246396923443202
night_owl_student,2,B3_reminder_only,16.428571428571427,202.14285714285714,2.0714285714285716,0.947278911564626,9.5,0.08270676691729323,0.0,0.2857142857142857,-0.21945314489432136
night_owl_student,2,B4_rule_based,17.857142857142858,208.57142857142858,2.4285714285714284,0.9520408163265307,6.642857142857143,0.0967741935483871,0.8817204301075269,0.021505376344086023,-0.5473008241758243
night_owl_student,2,A_no_memory,11.071428571428571,188.92857142857142,1.6428571428571428,0.9591836734693878,4.785714285714286,0.373134328358209,0.1791044776119403,0.04477611940298507,-0.11174178004535149
night_owl_student,2,B_no_context,12.857142857142858,195.0,2.0,0.9523809523809524,5.285714285714286,0.33783783783783783,0.2702702702702703,0.04054054054054054,-0.150601035868893
night_owl_student,2,C_no_personalization,11.785714285714286,192.85714285714286,1.9285714285714286,0.9608843537414966,5.357142857142857,0.36,0.21333333333333335,0.04,-0.1465143784786642
night_owl_student,2,D_no_bandit,10.357142857142858,187.5,1.7857142857142858,0.9625850340136054,6.0,0.39285714285714285,0.09523809523809523,0.03571428571428571,-0.06655071119356834
night_owl_student,2,E_rule_only,12.142857142857142,189.28571428571428,1.6428571428571428,0.9557823129251701,6.142857142857143,0.29069767441860467,0.16279069767441862,0.046511627906976744,-0.136456400742115
night_owl_student,2,F_full_system,11.071428571428571,189.64285714285714,1.7857142857142858,0.9608843537414966,5.214285714285714,0.3698630136986301,0.2328767123287671,0.0410958904109589,-0.12324147083075654
night_owl_student,3,B1_no_intervention,30.357142857142858,206.78571428571428,2.7142857142857144,0.9620748299319727,0.0,,,,0.0
night_owl_student,3,B2_static_limit,35.0,203.57142857142858,2.5714285714285716,0.9603741496598639,17.142857142857142,0.04583333333333333,0.9541666666666667,0.15416666666666667,-0.7724666524814042
night_owl_student,3,B3_reminder_only,27.142857142857142,200.0,2.5714285714285716,0.9637755102040816,9.785714285714286,0.10948905109489052,0.0,0.20437956204379562,-0.17551838042909473
night_owl_student,3,B4_rule_based,23.928571428571427,201.07142857142858,2.7142857142857144,0.9671768707482993,6.571428571428571,0.11956521739130435,0.8152173913043478,0.0,-0.4875793650793651
night_owl_student,3,A_no_memory,16.071428571428573,181.78571428571428,2.142857142857143,0.9786564625850341,4.5,0.4126984126984127,0.1746031746031746,0.031746031746031744,-0.10323129251700679
night_owl_student,3,B_no_context,21.071428571428573,187.85714285714286,2.357142857142857,0.9671768707482994,4.5,0.3333333333333333,0.09523809523809523,0.015873015873015872,-0.09073129251700682
night_owl_student,3,C_no_personalization,17.5,181.07142857142858,2.2142857142857144,0.9705782312925171,4.857142857142857,0.4117647058823529,0.10294117647058823,0.014705882352941176,-0.08124574829931974
night_owl_student,3,D_no_bandit,10.714285714285714,172.14285714285714,2.0,0.978656462585034,5.285714285714286,0.5135135135135135,0.06756756756756757,0.04054054054054054,-0.02680272108843537
night_owl_student,3,E_rule_only,23.214285714285715,187.85714285714286,2.357142857142857,0.9654761904761904,4.428571428571429,0.3870967741935484,0.06451612903225806,0.03225806451612903,-0.05055272108843538
night_owl_student,3,F_full_system,16.071428571428573,181.78571428571428,2.142857142857143,0.9786564625850341,4.5,0.4126984126984127,0.1746031746031746,0.031746031746031744,-0.10323129251700679
night_owl_student,4,B1_no_intervention,30.357142857142858,213.57142857142858,2.642857142857143,0.9363945578231293,0.0,,,,0.0
night_owl_student,4,B2_static_limit,27.857142857142858,202.85714285714286,2.142857142857143,0.9363945578231293,17.428571428571427,0.0778688524590164,0.9221311475409836,0.15163934426229508,-0.7397405262893163
night_owl_student,4,B3_reminder_only,23.928571428571427,202.5,2.357142857142857,0.9482993197278912,9.642857142857142,0.11851851851851852,0.0,0.2,-0.17659981883196166
night_owl_student,4,B4_rule_based,26.785714285714285,205.0,2.357142857142857,0.9380952380952382,6.714285714285714,0.11702127659574468,0.851063829787234,0.010638297872340425,-0.5382539682539683
night_owl_student,4,A_no_memory,20.357142857142858,190.35714285714286,2.0714285714285716,0.9581632653061225,6.285714285714286,0.25,0.29545454545454547,0.011363636363636364,-0.20064974707831848
night_owl_student,4,B_no_context,20.714285714285715,190.0,2.0714285714285716,0.939795918367347,5.214285714285714,0.2876712328767123,0.3013698630136986,0.0136986301369863,-0.15962585034013607
night_owl_student,4,C_no_personalization,11.428571428571429,177.14285714285714,1.7857142857142858,0.9676870748299321,5.0,0.4714285714285714,0.12857142857142856,0.014285714285714285,-0.05464994331065761
night_owl_student,4,D_no_bandit,11.071428571428571,177.85714285714286,1.8571428571428572,0.9736394557823129,6.071428571428571,0.43529411764705883,0.10588235294117647,0.011764705882352941,-0.046636904761904775
night_owl_student,4,E_rule_only,17.857142857142858,183.92857142857142,1.9285714285714286,0.9517006802721089,5.571428571428571,0.32051282051282054,0.2692307692307692,0.01282051282051282,-0.13896683673469384
night_owl_student,4,F_full_system,20.357142857142858,190.35714285714286,2.0714285714285716,0.9581632653061225,6.285714285714286,0.26136363636363635,0.29545454545454547,0.011363636363636364,-0.19707831850688992
night_owl_student,5,B1_no_intervention,28.571428571428573,211.78571428571428,2.5714285714285716,0.9538548752834467,0.0,,,,0.0
night_owl_student,5,B2_static_limit,27.5,200.35714285714286,2.2142857142857144,0.9538548752834467,16.857142857142858,0.05084745762711865,0.9491525423728814,0.2838983050847458,-0.832031219241918
night_owl_student,5,B3_reminder_only,24.642857142857142,205.35714285714286,2.4285714285714284,0.9538548752834467,10.0,0.05,0.0,0.30714285714285716,-0.2408122415886391
night_owl_student,5,B4_rule_based,27.5,205.35714285714286,2.4285714285714284,0.9538548752834467,5.142857142857143,0.1388888888888889,0.8055555555555556,0.0,-0.4352891156462585
night_owl_student,5,A_no_memory,12.5,186.07142857142858,2.0,0.9804705215419501,5.285714285714286,0.3918918918918919,0.22972972972972974,0.0,-0.14419642857142856
night_owl_student,5,B_no_context,17.5,191.42857142857142,2.0714285714285716,0.9572562358276644,4.642857142857143,0.3076923076923077,0.18461538461538463,0.0,-0.11109114100185528
night_owl_student,5,C_no_personalization,13.214285714285714,187.5,2.0714285714285716,0.9780895691609978,4.785714285714286,0.43283582089552236,0.19402985074626866,0.0,-0.0968310657596372
night_owl_student,5,D_no_bandit,11.428571428571429,183.92857142857142,1.9285714285714286,0.9804705215419501,5.571428571428571,0.4358974358974359,0.10256410256410256,0.01282051282051282,-0.08262896825396825
night_owl_student,5,E_rule_only,18.571428571428573,192.14285714285714,2.2142857142857144,0.9615079365079365,5.0,0.3142857142857143,0.18571428571428572,0.014285714285714285,-0.12743764172335603
night_owl_student,5,F_full_system,12.857142857142858,186.07142857142858,1.9285714285714286,0.9804705215419501,5.357142857142857,0.38666666666666666,0.22666666666666666,0.0,-0.15008928571428573
night_owl_student,6,B1_no_intervention,26.428571428571427,218.57142857142858,2.642857142857143,0.9674319727891156,0.0,,,,0.0
night_owl_student,6,B2_static_limit,33.214285714285715,223.92857142857142,2.642857142857143,0.9674319727891156,19.5,0.054945054945054944,0.945054945054945,0.1978021978021978,-0.7953316659735997
night_owl_student,6,B3_reminder_only,24.642857142857142,210.71428571428572,2.5,0.9674319727891156,10.5,0.09523809523809523,0.0,0.22448979591836735,-0.21230998898762055
night_owl_student,6,B4_rule_based,32.857142857142854,227.14285714285714,2.9285714285714284,0.9674319727891156,7.857142857142857,0.05454545454545454,0.8909090909090909,0.0,-0.6038947213500785
night_owl_student,6,A_no_memory,16.071428571428573,192.14285714285714,1.9285714285714286,0.9827380952380953,4.928571428571429,0.37681159420289856,0.18840579710144928,0.014492753623188406,-0.0898469387755102
night_owl_student,6,B_no_context,19.285714285714285,198.92857142857142,2.0714285714285716,0.9674319727891156,4.785714285714286,0.34328358208955223,0.2537313432835821,0.0,-0.12011479591836734
night_owl_student,6,C_no_personalization,18.214285714285715,197.85714285714286,2.142857142857143,0.9827380952380953,4.857142857142857,0.35294117647058826,0.23529411764705882,0.0,-0.10627551020408164
night_owl_student,6,D_no_bandit,11.428571428571429,187.85714285714286,1.7142857142857142,0.9827380952380953,5.5,0.44155844155844154,0.11688311688311688,0.012987012987012988,-0.0711050556586271
night_owl_student,6,E_rule_only,20.714285714285715,198.21428571428572,1.9285714285714286,0.9725340136054423,6.214285714285714,0.3333333333333333,0.22988505747126436,0.0,-0.1450838744588745
night_owl_student,6,F_full_system,17.142857142857142,192.5,1.8571428571428572,0.9827380952380953,5.0,0.37142857142857144,0.17142857142857143,0.014285714285714285,-0.08791666666666664
night_owl_student,7,B1_no_intervention,22.857142857142858,193.92857142857142,2.4285714285714284,0.941921768707483,0.0,,,,0.0
night_owl_student,7,B2_static_limit,27.5,196.07142857142858,2.2857142857142856,0.9448979591836736,16.357142857142858,0.05240174672489083,0.9475982532751092,0.2183406113537118,-0.7732885683137413
night_owl_student,7,B3_reminder_only,16.428571428571427,181.78571428571428,2.2142857142857144,0.9436224489795918,8.642857142857142,0.09090909090909091,0.0,0.3140495867768595,-0.2299193366157652
night_owl_student,7,B4_rule_based,22.142857142857142,190.35714285714286,2.357142857142857,0.9571428571428572,5.642857142857143,0.1518987341772152,0.7721518987341772,0.0379746835443038,-0.4429570578231293
night_owl_student,7,A_no_memory,17.142857142857142,172.85714285714286,1.8571428571428572,0.9520408163265307,5.785714285714286,0.38271604938271603,0.2345679012345679,0.1111111111111111,-0.14981137909709338
night_owl_student,7,B_no_context,17.5,178.21428571428572,2.0714285714285716,0.9513605442176871,4.357142857142857,0.39344262295081966,0.21311475409836064,0.08196721311475409,-0.12308673469387754
night_owl_student,7,C_no_personalization,19.285714285714285,180.71428571428572,2.2142857142857144,0.9520408163265307,5.5,0.3246753246753247,0.2857142857142857,0.06493506493506493,-0.16121598639455786
night_owl_student,7,D_no_bandit,11.428571428571429,164.28571428571428,1.6428571428571428,0.9614795918367347,5.714285714285714,0.45,0.1375,0.075,-0.05982194392908679
night_owl_student,7,E_rule_only,13.928571428571429,172.85714285714286,2.0,0.9537414965986395,5.071428571428571,0.323943661971831,0.19718309859154928,0.09859154929577464,-0.12442743764172334
night_owl_student,7,F_full_system,16.071428571428573,170.0,1.7857142857142858,0.9520408163265307,5.714285714285714,0.4,0.2375,0.1125,-0.14759224902082044
night_owl_student,8,B1_no_intervention,36.785714285714285,187.85714285714286,2.4285714285714284,0.958248299319728,0.0,,,,0.0
night_owl_student,8,B2_static_limit,28.571428571428573,173.57142857142858,2.2857142857142856,0.958248299319728,13.785714285714286,0.05181347150259067,0.9481865284974094,0.15544041450777202,-0.7678262138000551
night_owl_student,8,B3_reminder_only,23.928571428571427,169.64285714285714,2.0714285714285716,0.9642006802721088,8.357142857142858,0.10256410256410256,0.0,0.19658119658119658,-0.18542157247514388
night_owl_student,8,B4_rule_based,27.142857142857142,173.57142857142858,2.2857142857142856,0.9599489795918368,5.285714285714286,0.12162162162162163,0.7432432432432432,0.013513513513513514,-0.4625566893424035
night_owl_student,8,A_no_memory,24.285714285714285,169.28571428571428,2.142857142857143,0.9751133786848073,4.428571428571429,0.25806451612903225,0.27419354838709675,0.016129032258064516,-0.1623517355660213
night_owl_student,8,B_no_context,23.214285714285715,166.78571428571428,2.142857142857143,0.958248299319728,3.7857142857142856,0.32075471698113206,0.2641509433962264,0.018867924528301886,-0.13650793650793652
night_owl_student,8,C_no_personalization,25.0,170.35714285714286,2.142857142857143,0.9701530612244899,3.857142857142857,0.2962962962962963,0.24074074074074073,0.018518518518518517,-0.14939058956916101
night_owl_student,8,D_no_bandit,21.428571428571427,165.71428571428572,2.0,0.9780895691609978,4.428571428571429,0.2903225806451613,0.16129032258064516,0.03225806451612903,-0.10819869614512474
night_owl_student,8,E_rule_only,28.928571428571427,172.85714285714286,2.142857142857143,0.9642006802721088,4.785714285714286,0.23880597014925373,0.2537313432835821,0.014925373134328358,-0.16247165532879818
night_owl_student,8,F_full_system,16.785714285714285,155.0,1.9285714285714286,0.9711451247165533,4.0,0.39285714285714285,0.17857142857142858,0.017857142857142856,-0.12586193568336426
night_owl_student,9,B1_no_intervention,49.642857142857146,216.42857142857142,2.5,0.9054421768707483,0.0,,,,0.0
night_owl_student,9,B2_static_limit,44.285714285714285,205.71428571428572,2.357142857142857,0.9057823129251702,17.571428571428573,0.07317073170731707,0.926829268292683,0.16666666666666666,-0.754704385313928
night_owl_student,9,B3_reminder_only,32.5,191.42857142857142,2.142857142857143,0.9105442176870749,9.142857142857142,0.125,0.0,0.2109375,-0.18771507087683556
night_owl_student,9,B4_rule_based,38.57142857142857,205.0,2.4285714285714284,0.9346938775510204,6.214285714285714,0.09195402298850575,0.8390804597701149,0.0,-0.47076607915893626
night_owl_student,9,A_no_memory,30.0,187.85714285714286,2.0,0.9462585034013606,5.714285714285714,0.3,0.2625,0.025,-0.19061649659863947
night_owl_student,9,B_no_context,36.785714285714285,195.0,2.142857142857143,0.9377551020408165,4.714285714285714,0.2727272727272727,0.21212121212121213,0.015151515151515152,-0.15168367346938777
night_owl_student,9,C_no_personalization,29.642857142857142,189.28571428571428,2.0714285714285716,0.942857142857143,5.571428571428571,0.3717948717948718,0.21794871794871795,0.0,-0.1335969387755102
night_owl_student,9,D_no_bandit,29.285714285714285,187.85714285714286,1.8571428571428572,0.9530612244897959,6.0,0.35714285714285715,0.20238095238095238,0.023809523809523808,-0.13120619459905175
night_owl_student,9,E_rule_only,33.214285714285715,188.92857142857142,2.0,0.9394557823129253,5.571428571428571,0.2948717948717949,0.20512820512820512,0.0,-0.131920609152752
night_owl_student,9,F_full_system,37.5,195.35714285714286,2.0,0.9377551020408165,5.857142857142857,0.2682926829268293,0.23170731707317074,0.024390243902439025,-0.18651837250051534
focused_but_impulsive,0,B1_no_intervention,15.357142857142858,141.42857142857142,0.7142857142857143,0.9508928571428571,0.0,,,,0.0
focused_but_impulsive,0,B2_static_limit,8.214285714285714,100.0,0.14285714285714285,0.9642857142857143,7.428571428571429,0.6442307692307693,0.3557692307692308,0.3557692307692308,-0.2964627842917317
focused_but_impulsive,0,B3_reminder_only,15.0,137.14285714285714,0.5714285714285714,0.9508928571428571,4.857142857142857,0.14705882352941177,0.0,0.38235294117647056,-0.21045264259549978
focused_but_impulsive,0,B4_rule_based,11.785714285714286,136.78571428571428,0.7142857142857143,0.9702380952380952,1.5714285714285714,0.9090909090909091,0.09090909090909091,0.13636363636363635,-0.02642857142857143
focused_but_impulsive,0,A_no_memory,9.642857142857142,134.64285714285714,0.6428571428571429,0.9583333333333333,2.357142857142857,0.3333333333333333,0.09090909090909091,0.09090909090909091,-0.1
focused_but_impulsive,0,B_no_context,9.285714285714286,133.92857142857142,0.7142857142857143,0.956845238095238,2.2857142857142856,0.4375,0.03125,0.09375,-0.05130952380952382
focused_but_impulsive,0,C_no_personalization,8.928571428571429,134.28571428571428,0.7142857142857143,0.9583333333333333,2.357142857142857,0.42424242424242425,0.06060606060606061,0.09090909090909091,-0.06065476190476191
focused_but_impulsive,0,D_no_bandit,9.642857142857142,134.64285714285714,0.6428571428571429,0.9583333333333333,2.857142857142857,0.375,0.05,0.075,-0.06956632653061226
focused_but_impulsive,0,E_rule_only,11.785714285714286,136.78571428571428,0.7142857142857143,0.9583333333333333,2.9285714285714284,0.36585365853658536,0.0,0.04878048780487805,-0.03593253968253969
focused_but_impulsive,0,F_full_system,9.642857142857142,134.64285714285714,0.6428571428571429,0.9583333333333333,2.357142857142857,0.3333333333333333,0.09090909090909091,0.09090909090909091,-0.1
focused_but_impulsive,1,B1_no_intervention,20.357142857142858,137.14285714285714,0.7142857142857143,0.900297619047619,0.0,,,,0.0
focused_but_impulsive,1,B2_static_limit,15.714285714285714,101.42857142857143,0.2857142857142857,0.9151785714285713,7.857142857142857,0.6,0.4,0.37272727272727274,-0.3548055169037312
focused_but_impulsive,1,B3_reminder_only,20.0,135.35714285714286,0.7142857142857143,0.9032738095238094,4.571428571428571,0.078125,0.0,0.4375,-0.23463653410081983
focused_but_impulsive,1,B4_rule_based,10.714285714285714,117.85714285714286,0.5,0.9508928571428571,2.357142857142857,0.9393939393939394,0.06060606060606061,0.21212121212121213,-0.055178571428571445
focused_but_impulsive,1,A_no_memory,14.285714285714286,126.07142857142857,0.5,0.9285714285714286,4.0,0.48214285714285715,0.08928571428571429,0.2857142857142857,-0.11039192949907237
focused_but_impulsive,1,B_no_context,13.214285714285714,126.78571428571429,0.5714285714285714,0.9285714285714286,3.9285714285714284,0.4727272727272727,0.10909090909090909,0.2727272727272727,-0.11415829210472066
focused_but_impulsive,1,C_no_personalization,13.928571428571429,125.71428571428571,0.5,0.9285714285714286,4.0,0.5,0.08928571428571429,0.2857142857142857,-0.10428081838796124
focused_but_impulsive,1,D_no_bandit,13.928571428571429,127.85714285714286,0.5714285714285714,0.9285714285714286,4.071428571428571,0.42105263157894735,0.10526315789473684,0.2631578947368421,-0.11545712224283654
focused_but_impulsive,1,E_rule_only,14.642857142857142,126.07142857142857,0.5,0.9285714285714286,4.357142857142857,0.4262295081967213,0.09836065573770492,0.29508196721311475,-0.1446273964131107
focused_but_impulsive,1,F_full_system,14.285714285714286,126.07142857142857,0.5,0.9285714285714286,4.0,0.48214285714285715,0.08928571428571429,0.2857142857142857,-0.11092764378478666
focused_but_impulsive,2,B1_no_intervention,21.071428571428573,136.42857142857142,0.6428571428571429,0.9092261904761905,0.0,,,,0.0
focused_but_impulsive,2,B2_static_limit,16.428571428571427,102.14285714285714,0.2857142857142857,0.919642857142857,7.857142857142857,0.6818181818181818,0.3181818181818182,0.23636363636363636,-0.28831201070171664
focused_but_impulsive,2,B3_reminder_only,18.571428571428573,130.0,0.5,0.9181547619047619,4.357142857142857,0.18032786885245902,0.0,0.2459016393442623,-0.15768576661433803
focused_but_impulsive,2,B4_rule_based,10.714285714285714,125.71428571428571,0.5714285714285714,0.9583333333333333,2.142857142857143,0.8333333333333334,0.16666666666666666,0.2,-0.07172619047619049
focused_but_impulsive,2,A_no_memory,11.428571428571429,125.71428571428571,0.5,0.9449404761904762,2.9285714285714284,0.5365853658536586,0.04878048780487805,0.12195121951219512,-0.0253954081632653
focused_but_impulsive,2,B_no_context,11.785714285714286,126.42857142857143,0.5714285714285714,0.9449404761904763,3.2142857142857144,0.5555555555555556,0.06666666666666667,0.15555555555555556,-0.0418154761904762
focused_but_impulsive,2,C_no_personalization,12.857142857142858,127.14285714285714,0.5,0.9360119047619048,3.2857142857142856,0.5217391304347826,0.06521739130434782,0.08695652173913043,-0.033011621315192745
focused_but_impulsive,2,D_no_bandit,11.071428571428571,124.28571428571429,0.35714285714285715,0.9464285714285714,3.4285714285714284,0.5,0.0625,0.14583333333333334,-0.05159155328798186
focused_but_impulsive,2,E_rule_only,11.428571428571429,126.42857142857143,0.5714285714285714,0.9479166666666666,3.857142857142857,0.37037037037037035,0.14814814814814814,0.16666666666666666,-0.10142857142857144
focused_but_impulsive,2,F_full_system,11.428571428571429,125.35714285714286,0.5,0.9449404761904762,2.9285714285714284,0.5853658536585366,0.024390243902439025,0.0975609756097561,-0.009073129251700677
focused_but_impulsive,3,B1_no_intervention,16.071428571428573,155.71428571428572,0.9285714285714286,0.9419642857142857,0.0,,,,0.0
focused_but_impulsive,3,B2_static_limit,10.357142857142858,106.78571428571429,0.2857142857142857,0.9553571428571429,8.5,0.6890756302521008,0.31092436974789917,0.3445378151260504,-0.3294890873015873
focused_but_impulsive,3,B3_reminder_only,15.357142857142858,153.21428571428572,0.9285714285714286,0.943452380952381,5.857142857142857,0.0975609756097561,0.0,0.3902439024390244,-0.24957940868655154
focused_but_impulsive,3,B4_rule_based,8.928571428571429,148.57142857142858,0.8571428571428571,0.9717261904761905,1.4285714285714286,0.9,0.1,0.15,-0.04392857142857143
focused_but_impulsive,3,A_no_memory,9.285714285714286,145.35714285714286,0.7142857142857143,0.9583333333333333,2.5,0.5714285714285714,0.0,0.11428571428571428,-0.013966836734693884
focused_but_impulsive,3,B_no_context,8.928571428571429,145.71428571428572,0.7857142857142857,0.9627976190476192,2.4285714285714284,0.5882352941176471,0.0,0.11764705882352941,-0.00848214285714286
focused_but_impulsive,3,C_no_personalization,10.0,147.14285714285714,0.8571428571428571,0.9583333333333333,2.642857142857143,0.5405405405405406,0.0,0.10810810810810811,-0.031505102040816337
focused_but_impulsive,3,D_no_bandit,8.214285714285714,145.35714285714286,0.7142857142857143,0.9627976190476192,2.9285714285714284,0.5121951219512195,0.0,0.0975609756097561,-0.02915249433106577
focused_but_impulsive,3,E_rule_only,11.071428571428571,150.0,0.8571428571428571,0.9627976190476192,2.7142857142857144,0.4473684210526316,0.0,0.10526315789473684,-0.04190759637188209
focused_but_impulsive,3,F_full_system,9.285714285714286,145.35714285714286,0.7142857142857143,0.9583333333333333,2.5,0.5714285714285714,0.0,0.11428571428571428,-0.010097789115646263
focused_but_impulsive,4,B1_no_intervention,11.071428571428571,146.42857142857142,0.8571428571428571,0.9508928571428571,0.0,,,,0.0
focused_but_impulsive,4,B2_static_limit,8.571428571428571,99.64285714285714,0.14285714285714285,0.9568452380952381,8.071428571428571,0.7787610619469026,0.22123893805309736,0.3008849557522124,-0.2502258654044369
focused_but_impulsive,4,B3_reminder_only,10.0,142.85714285714286,0.7857142857142857,0.9523809523809523,5.0,0.12857142857142856,0.0,0.4,-0.23741921768707483
focused_but_impulsive,4,B4_rule_based,6.071428571428571,141.07142857142858,0.8571428571428571,0.9761904761904763,1.0714285714285714,0.8,0.2,0.13333333333333333,-0.08315476190476193
focused_but_impulsive,4,A_no_memory,6.071428571428571,140.71428571428572,0.7142857142857143,0.9702380952380952,1.7857142857142858,0.56,0.0,0.08,-0.014107142857142855
focused_but_impulsive,4,B_no_context,6.428571428571429,141.78571428571428,0.8571428571428571,0.9687500000000001,1.9285714285714286,0.48148148148148145,0.0,0.07407407407407407,-0.039702380952380954
focused_but_impulsive,4,C_no_personalization,6.071428571428571,139.28571428571428,0.5714285714285714,0.9702380952380952,2.0,0.5,0.0,0.10714285714285714,-0.03261904761904762
focused_but_impulsive,4,D_no_bandit,6.428571428571429,138.57142857142858,0.5714285714285714,0.9687500000000001,2.2857142857142856,0.4375,0.0,0.09375,-0.045714285714285714
focused_but_impulsive,4,E_rule_only,6.785714285714286,137.14285714285714,0.5714285714285714,0.9687500000000001,3.0,0.35714285714285715,0.047619047619047616,0.047619047619047616,-0.07954081632653064
focused_but_impulsive,4,F_full_system,6.071428571428571,140.71428571428572,0.7142857142857143,0.9702380952380952,1.7142857142857142,0.5416666666666666,0.0,0.08333333333333333,-0.014285714285714278
focused_but_impulsive,5,B1_no_intervention,13.571428571428571,133.21428571428572,0.35714285714285715,0.9345238095238095,0.0,,,,0.0
focused_but_impulsive,5,B2_static_limit,11.071428571428571,105.35714285714286,0.14285714285714285,0.9479166666666669,8.0,0.5892857142857143,0.4107142857142857,0.42857142857142855,-0.41932646601764245
focused_but_impulsive,5,B3_reminder_only,13.214285714285714,132.85714285714286,0.35714285714285715,0.9345238095238095,4.357142857142857,0.04918032786885246,0.0,0.36065573770491804,-0.2453698979591837
focused_but_impulsive,5,B4_rule_based,7.142857142857143,126.78571428571429,0.2857142857142857,0.9657738095238095,1.7142857142857142,0.625,0.375,0.2916666666666667,-0.16851190476190478
focused_but_impulsive,5,A_no_memory,8.214285714285714,127.14285714285714,0.2857142857142857,0.9583333333333334,2.357142857142857,0.3939393939393939,0.09090909090909091,0.24242424242424243,-0.11340986394557825
focused_but_impulsive,5,B_no_context,8.928571428571429,127.5,0.2857142857142857,0.955357142857143,2.2142857142857144,0.3870967741935484,0.0967741935483871,0.22580645161290322,-0.10259353741496599
focused_but_impulsive,5,C_no_personalization,8.214285714285714,126.78571428571429,0.2857142857142857,0.9583333333333334,2.4285714285714284,0.4411764705882353,0.08823529411764706,0.20588235294117646,-0.09982993197278914
focused_but_impulsive,5,D_no_bandit,8.214285714285714,126.78571428571429,0.2857142857142857,0.9583333333333334,2.7142857142857144,0.34210526315789475,0.07894736842105263,0.18421052631578946,-0.10484693877551023
focused_but_impulsive,5,E_rule_only,8.571428571428571,126.07142857142857,0.2857142857142857,0.9583333333333334,3.0714285714285716,0.37209302325581395,0.11627906976744186,0.23255813953488372,-0.12440476190476189
focused_but_impulsive,5,F_full_system,8.214285714285714,127.14285714285714,0.2857142857142857,0.9583333333333334,2.357142857142857,0.3939393939393939,0.09090909090909091,0.24242424242424243,-0.1116751700680272
focused_but_impulsive,6,B1_no_intervention,13.214285714285714,171.42857142857142,1.1428571428571428,0.930059523809524,0.0,,,,0.0
focused_but_impulsive,6,B2_static_limit,10.357142857142858,112.14285714285714,0.42857142857142855,0.9434523809523812,9.714285714285714,0.7279411764705882,0.27205882352941174,0.36764705882352944,-0.3421891749123892
focused_but_impulsive,6,B3_reminder_only,13.214285714285714,170.35714285714286,1.1428571428571428,0.930059523809524,6.785714285714286,0.08421052631578947,0.0,0.4,-0.28349180581323435
focused_but_impulsive,6,B4_rule_based,7.5,164.28571428571428,1.1428571428571428,0.9598214285714287,1.6428571428571428,0.8695652173913043,0.13043478260869565,0.13043478260869565,-0.03273809523809525
focused_but_impulsive,6,A_no_memory,9.285714285714286,165.0,1.0,0.9494047619047621,2.5714285714285716,0.5555555555555556,0.027777777777777776,0.08333333333333333,-0.020119047619047623
focused_but_impulsive,6,B_no_context,9.642857142857142,166.42857142857142,1.1428571428571428,0.9479166666666667,2.4285714285714284,0.5294117647058824,0.029411764705882353,0.08823529411764706,-0.0279124149659864
focused_but_impulsive,6,C_no_personalization,8.928571428571429,165.71428571428572,1.1428571428571428,0.9508928571428573,2.5,0.4857142857142857,0.02857142857142857,0.08571428571428572,-0.030059523809523814
focused_but_impulsive,6,D_no_bandit,10.0,165.35714285714286,0.9285714285714286,0.9464285714285715,3.142857142857143,0.45454545454545453,0.045454545454545456,0.06818181818181818,-0.01916666666666667
focused_but_impulsive,6,E_rule_only,10.357142857142858,166.42857142857142,1.1428571428571428,0.9464285714285715,3.142857142857143,0.36363636363636365,0.022727272727272728,0.06818181818181818,-0.03630952380952381
focused_but_impulsive,6,F_full_system,9.285714285714286,165.0,1.0,0.9494047619047621,2.5714285714285716,0.5555555555555556,0.027777777777777776,0.08333333333333333,-0.020119047619047623
focused_but_impulsive,7,B1_no_intervention,19.642857142857142,149.28571428571428,0.8571428571428571,0.9449404761904762,0.0,,,,0.0
focused_but_impulsive,7,B2_static_limit,11.428571428571429,106.42857142857143,0.35714285714285715,0.9508928571428571,8.571428571428571,0.6916666666666667,0.30833333333333335,0.35,-0.2739603947639662
focused_but_impulsive,7,B3_reminder_only,18.214285714285715,144.64285714285714,0.7142857142857143,0.9449404761904762,5.142857142857143,0.1111111111111111,0.0,0.3333333333333333,-0.2154577664399093
focused_but_impulsive,7,B4_rule_based,14.642857142857142,142.14285714285714,0.8571428571428571,0.9672619047619048,1.2857142857142858,0.8888888888888888,0.1111111111111111,0.16666666666666666,-0.057857142857142864
focused_but_impulsive,7,A_no_memory,10.714285714285714,139.64285714285714,0.7857142857142857,0.956845238095238,2.5,0.5142857142857142,0.08571428571428572,0.08571428571428572,-0.0674404761904762
focused_but_impulsive,7,B_no_context,12.5,141.78571428571428,0.8571428571428571,0.956845238095238,2.5714285714285716,0.5,0.1111111111111111,0.08333333333333333,-0.08331168831168831
focused_but_impulsive,7,C_no_personalization,10.714285714285714,138.92857142857142,0.7142857142857143,0.956845238095238,2.4285714285714284,0.5588235294117647,0.08823529411764706,0.08823529411764706,-0.0570436507936508
focused_but_impulsive,7,D_no_bandit,10.714285714285714,137.85714285714286,0.5714285714285714,0.9553571428571427,3.2142857142857144,0.4222222222222222,0.06666666666666667,0.06666666666666667,-0.0625595238095238
focused_but_impulsive,7,E_rule_only,13.928571428571429,140.71428571428572,0.7142857142857143,0.9583333333333333,2.857142857142857,0.375,0.05,0.075,-0.07351190476190475
focused_but_impulsive,7,F_full_system,11.071428571428571,140.0,0.7857142857142857,0.956845238095238,2.5,0.4857142857142857,0.11428571428571428,0.08571428571428572,-0.07779761904761905
focused_but_impulsive,8,B1_no_intervention,17.5,134.64285714285714,1.0,0.9285714285714285,0.0,,,,0.0
focused_but_impulsive,8,B2_static_limit,13.571428571428571,98.92857142857143,0.42857142857142855,0.9419642857142857,7.571428571428571,0.660377358490566,0.33962264150943394,0.36792452830188677,-0.3001620155638013
focused_but_impulsive,8,B3_reminder_only,16.071428571428573,130.71428571428572,0.8571428571428571,0.9285714285714285,4.928571428571429,0.07246376811594203,0.0,0.37681159420289856,-0.23550273139558847
focused_but_impulsive,8,B4_rule_based,11.071428571428571,126.07142857142857,0.9285714285714286,0.9598214285714287,1.8571428571428572,0.9230769230769231,0.07692307692307693,0.11538461538461539,-0.015000000000000005
focused_but_impulsive,8,A_no_memory,11.071428571428571,126.42857142857143,0.9285714285714286,0.9449404761904762,2.7857142857142856,0.5641025641025641,0.02564102564102564,0.10256410256410256,-0.010051020408163271
focused_but_impulsive,8,B_no_context,11.428571428571429,127.85714285714286,0.9285714285714286,0.9434523809523808,2.642857142857143,0.5675675675675675,0.0,0.08108108108108109,-0.004940476190476195
focused_but_impulsive,8,C_no_personalization,11.785714285714286,127.85714285714286,0.8571428571428571,0.9419642857142857,2.7142857142857144,0.5,0.02631578947368421,0.10526315789473684,-0.027334183673469386
focused_but_impulsive,8,D_no_bandit,11.785714285714286,127.14285714285714,0.9285714285714286,0.9419642857142856,3.142857142857143,0.5227272727272727,0.022727272727272728,0.09090909090909091,-0.013514739229024944
focused_but_impulsive,8,E_rule_only,14.285714285714286,129.64285714285714,0.9285714285714286,0.9419642857142856,3.357142857142857,0.40425531914893614,0.02127659574468085,0.0851063829787234,-0.05595238095238096
focused_but_impulsive,8,F_full_system,11.428571428571429,126.78571428571429,0.9285714285714286,0.9434523809523808,2.7857142857142856,0.5641025641025641,0.0,0.07692307692307693,0.002321428571428566
focused_but_impulsive,9,B1_no_intervention,24.285714285714285,157.5,1.0,0.9047619047619048,0.0,,,,0.0
focused_but_impulsive,9,B2_static_limit,13.571428571428571,109.64285714285714,0.35714285714285715,0.9375,9.428571428571429,0.6136363636363636,0.38636363636363635,0.3409090909090909,-0.3755476413206677
focused_but_impulsive,9,B3_reminder_only,21.785714285714285,151.07142857142858,0.8571428571428571,0.9047619047619048,5.214285714285714,0.136986301369863,0.0,0.3150684931506849,-0.22056547619047623
focused_but_impulsive,9,B4_rule_based,12.857142857142858,145.35714285714286,0.7857142857142857,0.9538690476190476,2.0,0.8928571428571429,0.10714285714285714,0.07142857142857142,-0.021726190476190482
focused_but_impulsive,9,A_no_memory,14.642857142857142,147.14285714285714,0.7857142857142857,0.9404761904761906,3.0,0.42857142857142855,0.047619047619047616,0.047619047619047616,-0.042501417233560095
focused_but_impulsive,9,B_no_context,14.642857142857142,147.14285714285714,0.7857142857142857,0.9404761904761906,3.0714285714285716,0.4418604651162791,0.023255813953488372,0.046511627906976744,-0.038061224489795924
focused_but_impulsive,9,C_no_personalization,14.642857142857142,147.14285714285714,0.7857142857142857,0.9404761904761906,3.2857142857142856,0.43478260869565216,0.043478260869565216,0.043478260869565216,-0.043805272108843545
focused_but_impulsive,9,D_no_bandit,14.642857142857142,147.14285714285714,0.7857142857142857,0.9404761904761906,3.142857142857143,0.4090909090909091,0.045454545454545456,0.045454545454545456,-0.03562358276643991
focused_but_impulsive,9,E_rule_only,15.357142857142858,147.14285714285714,0.7142857142857143,0.9404761904761906,3.4285714285714284,0.3958333333333333,0.0,0.041666666666666664,-0.03869897959183675
focused_but_impulsive,9,F_full_system,14.642857142857142,147.14285714285714,0.7857142857142857,0.9404761904761906,3.142857142857143,0.45454545454545453,0.045454545454545456,0.045454545454545456,-0.033499149659863954
reactant_scroller,0,B1_no_intervention,28.928571428571427,176.07142857142858,1.5,0.8988095238095238,0.0,,,,0.0
reactant_scroller,0,B2_static_limit,26.428571428571427,169.28571428571428,1.3571428571428572,0.8988095238095238,13.428571428571429,0.05319148936170213,0.9468085106382979,0.0851063829787234,-0.7154123315993065
reactant_scroller,0,B3_reminder_only,26.071428571428573,168.57142857142858,1.2857142857142858,0.8988095238095238,7.357142857142857,0.11650485436893204,0.0,0.14563106796116504,-0.14377144498150138
reactant_scroller,0,B4_rule_based,25.714285714285715,169.28571428571428,1.3571428571428572,0.8988095238095238,12.928571428571429,0.06077348066298342,0.7569060773480663,0.016574585635359115,-0.5524467620381486
reactant_scroller,0,A_no_memory,14.285714285714286,142.5,0.8571428571428571,0.9107142857142858,9.214285714285714,0.2868217054263566,0.17054263565891473,0.023255813953488372,-0.14087062017789573
reactant_scroller,0,B_no_context,16.071428571428573,145.71428571428572,0.8571428571428571,0.9404761904761906,9.142857142857142,0.3359375,0.1953125,0.0234375,-0.13297675888537236
reactant_scroller,0,C_no_personalization,15.0,141.78571428571428,0.7857142857142857,0.9464285714285714,9.357142857142858,0.33587786259541985,0.183206106870229,0.022900763358778626,-0.12108047764560372
reactant_scroller,0,D_no_bandit,15.714285714285714,140.0,0.7857142857142857,0.9404761904761906,9.857142857142858,0.34057971014492755,0.2028985507246377,0.021739130434782608,-0.11905888870699795
reactant_scroller,0,E_rule_only,16.428571428571427,140.35714285714286,0.8571428571428571,0.9404761904761906,9.785714285714286,0.34306569343065696,0.19708029197080293,0.021897810218978103,-0.11384974065383731
reactant_scroller,0,F_full_system,14.285714285714286,142.5,0.8571428571428571,0.9107142857142858,9.214285714285714,0.2868217054263566,0.17054263565891473,0.023255813953488372,-0.14087062017789573
reactant_scroller,1,B1_no_intervention,12.5,167.85714285714286,1.2142857142857142,0.9404761904761906,0.0,,,,0.0
reactant_scroller,1,B2_static_limit,12.142857142857142,165.71428571428572,1.1428571428571428,0.9404761904761906,13.5,0.042328042328042326,0.9576719576719577,0.08465608465608465,-0.6885394333716247
reactant_scroller,1,B3_reminder_only,9.642857142857142,163.57142857142858,1.2142857142857142,0.9404761904761906,7.285714285714286,0.0784313725490196,0.0,0.10784313725490197,-0.14737786023500307
reactant_scroller,1,B4_rule_based,11.071428571428571,162.5,1.2857142857142858,0.9404761904761906,11.071428571428571,0.06451612903225806,0.7419354838709677,0.025806451612903226,-0.5411048011735351
reactant_scroller,1,A_no_memory,4.642857142857143,136.42857142857142,0.7857142857142857,0.9404761904761906,8.214285714285714,0.3391304347826087,0.11304347826086956,0.034782608695652174,-0.1313045634920635
reactant_scroller,1,B_no_context,6.428571428571429,140.0,0.7857142857142857,0.9404761904761906,7.928571428571429,0.3333333333333333,0.10810810810810811,0.02702702702702703,-0.11542800453514737
reactant_scroller,1,C_no_personalization,5.714285714285714,140.35714285714286,0.7857142857142857,0.9404761904761906,8.285714285714286,0.3103448275862069,0.10344827586206896,0.034482758620689655,-0.12042391636141636
reactant_scroller,1,D_no_bandit,5.714285714285714,138.92857142857142,0.7857142857142857,0.9404761904761906,10.071428571428571,0.2695035460992908,0.24822695035460993,0.028368794326241134,-0.1850421268986063
reactant_scroller,1,E_rule_only,8.214285714285714,142.14285714285714,0.9285714285714286,0.9404761904761906,9.5,0.2932330827067669,0.22556390977443608,0.03007518796992481,-0.15890237913347158
reactant_scroller,1,F_full_system,4.642857142857143,136.42857142857142,0.7857142857142857,0.9404761904761906,8.214285714285714,0.3391304347826087,0.11304347826086956,0.034782608695652174,-0.1313045634920635
reactant_scroller,2,B1_no_intervention,19.285714285714285,176.78571428571428,1.5,0.9047619047619048,0.0,,,,0.0
reactant_scroller,2,B2_static_limit,14.642857142857142,174.28571428571428,1.6428571428571428,0.8988095238095238,14.714285714285714,0.04854368932038835,0.9514563106796117,0.1407766990291262,-0.7524932539265247
reactant_scroller,2,B3_reminder_only,18.214285714285715,169.64285714285714,1.2857142857142858,0.9047619047619048,7.428571428571429,0.08653846153846154,0.0,0.17307692307692307,-0.18205073696145124
reactant_scroller,2,B4_rule_based,16.071428571428573,171.78571428571428,1.5,0.8988095238095238,12.285714285714286,0.05813953488372093,0.686046511627907,0.03488372093023256,-0.5137095146916576
reactant_scroller,2,A_no_memory,13.928571428571429,156.78571428571428,1.1428571428571428,0.9166666666666667,8.785714285714286,0.2926829268292683,0.15447154471544716,0.032520325203252036,-0.1355274155116592
reactant_scroller,2,B_no_context,11.785714285714286,150.71428571428572,1.0714285714285714,0.9166666666666667,8.571428571428571,0.325,0.125,0.041666666666666664,-0.12104241492634349
reactant_scroller,2,C_no_personalization,12.857142857142858,153.92857142857142,1.0714285714285714,0.9166666666666667,8.5,0.31932773109243695,0.15126050420168066,0.04201680672268908,-0.13225610698824983
reactant_scroller,2,D_no_bandit,13.571428571428571,154.28571428571428,1.1428571428571428,0.9226190476190476,9.357142857142858,0.2900763358778626,0.17557251908396945,0.03816793893129771,-0.14494717584003294
reactant_scroller,2,E_rule_only,13.928571428571429,154.64285714285714,1.1428571428571428,0.9166666666666667,9.0,0.29365079365079366,0.1746031746031746,0.03968253968253968,-0.1407805091733663
reactant_scroller,2,F_full_system,14.285714285714286,161.42857142857142,1.2142857142857142,0.9166666666666667,8.428571428571429,0.288135593220339,0.11864406779661017,0.03389830508474576,-0.13707134135705565
reactant_scroller,3,B1_no_intervention,19.285714285714285,158.92857142857142,1.8571428571428572,0.8988095238095238,0.0,,,,0.0
reactant_scroller,3,B2_static_limit,19.642857142857142,159.28571428571428,1.7857142857142858,0.8988095238095238,12.357142857142858,0.028901734104046242,0.9710982658959537,0.06358381502890173,-0.739902071612598
reactant_scroller,3,B3_reminder_only,15.0,150.35714285714286,1.7142857142857142,0.8988095238095238,6.571428571428571,0.13043478260869565,0.0,0.16304347826086957,-0.161882215007215
reactant_scroller,3,B4_rule_based,16.428571428571427,153.21428571428572,1.7142857142857142,0.8988095238095238,10.214285714285714,0.04895104895104895,0.8601398601398601,0.02097902097902098,-0.5962015391667647
reactant_scroller,3,A_no_memory,8.214285714285714,128.21428571428572,1.3571428571428572,0.9345238095238095,8.571428571428571,0.3416666666666667,0.21666666666666667,0.025,-0.12062948897507719
reactant_scroller,3,B_no_context,8.571428571428571,128.92857142857142,1.3571428571428572,0.9285714285714286,8.0,0.35714285714285715,0.19642857142857142,0.026785714285714284,-0.11644056340484912
reactant_scroller,3,C_no_personalization,8.571428571428571,128.57142857142858,1.3571428571428572,0.9226190476190477,8.5,0.3445378151260504,0.2184873949579832,0.025210084033613446,-0.12440895909645909
reactant_scroller,3,D_no_bandit,7.5,127.5,1.2857142857142858,0.9583333333333334,8.714285714285714,0.32786885245901637,0.22950819672131148,0.02459016393442623,-0.13694935025292165
reactant_scroller,3,E_rule_only,8.571428571428571,128.57142857142858,1.3571428571428572,0.9285714285714286,8.142857142857142,0.35964912280701755,0.20175438596491227,0.02631578947368421,-0.11533370399441827
reactant_scroller,3,F_full_system,8.214285714285714,128.21428571428572,1.3571428571428572,0.9345238095238095,8.571428571428571,0.3416666666666667,0.21666666666666667,0.025,-0.12062948897507719
reactant_scroller,4,B1_no_intervention,11.428571428571429,153.21428571428572,1.5,0.9761904761904762,0.0,,,,0.0
reactant_scroller,4,B2_static_limit,10.714285714285714,143.92857142857142,1.2857142857142858,0.9821428571428571,10.857142857142858,0.08552631578947369,0.9144736842105263,0.18421052631578946,-0.6545523722309438
reactant_scroller,4,B3_reminder_only,9.285714285714286,148.21428571428572,1.4285714285714286,0.9761904761904762,6.214285714285714,0.10344827586206896,0.0,0.19540229885057472,-0.1616607400535972
reactant_scroller,4,B4_rule_based,11.428571428571429,145.35714285714286,1.2857142857142858,0.9821428571428571,9.214285714285714,0.07751937984496124,0.751937984496124,0.023255813953488372,-0.5260653866809882
reactant_scroller,4,A_no_memory,7.142857142857143,131.78571428571428,1.0714285714285714,0.994047619047619,7.5,0.3238095238095238,0.2,0.0,-0.11168920365348936
reactant_scroller,4,B_no_context,5.714285714285714,128.92857142857142,1.0714285714285714,0.9821428571428571,6.928571428571429,0.38144329896907214,0.09278350515463918,0.0,-0.062463697017268456
reactant_scroller,4,C_no_personalization,6.428571428571429,129.28571428571428,1.0,0.994047619047619,7.071428571428571,0.35353535353535354,0.1717171717171717,0.0,-0.09515666872809729
reactant_scroller,4,D_no_bandit,6.785714285714286,128.57142857142858,1.0714285714285714,0.994047619047619,7.928571428571429,0.3333333333333333,0.1891891891891892,0.0,-0.09704801151229724
reactant_scroller,4,E_rule_only,6.785714285714286,128.57142857142858,1.0714285714285714,0.9821428571428571,7.928571428571429,0.3333333333333333,0.1891891891891892,0.0,-0.10349642421070993
reactant_scroller,4,F_full_system,5.357142857142857,128.21428571428572,1.0714285714285714,0.994047619047619,6.928571428571429,0.3711340206185567,0.12371134020618557,0.0,-0.07653431885574744
reactant_scroller,5,B1_no_intervention,8.571428571428571,137.5,1.0714285714285714,0.9642857142857143,0.0,,,,0.0
reactant_scroller,5,B2_static_limit,8.571428571428571,137.85714285714286,1.0714285714285714,0.9642857142857143,10.0,0.02857142857142857,0.9714285714285714,0.10714285714285714,-0.6682380664969951
reactant_scroller,5,B3_reminder_only,6.785714285714286,135.0,1.0714285714285714,0.9642857142857143,5.642857142857143,0.08860759493670886,0.0,0.12658227848101267,-0.14834567160197412
reactant_scroller,5,B4_rule_based,6.071428571428571,136.78571428571428,1.1428571428571428,0.9642857142857143,10.0,0.02142857142857143,0.9142857142857143,0.0,-0.6092532404631587
reactant_scroller,5,A_no_memory,3.2142857142857144,113.92857142857143,0.7142857142857143,0.9821428571428571,8.428571428571429,0.2796610169491525,0.2457627118644068,0.0,-0.16401218820861677
reactant_scroller,5,B_no_context,3.2142857142857144,113.92857142857143,0.7142857142857143,0.9821428571428571,7.857142857142857,0.2909090909090909,0.2,0.0,-0.1354204327418613
reactant_scroller,5,C_no_personalization,1.7857142857142858,114.64285714285714,0.7857142857142857,0.9821428571428571,8.214285714285714,0.2782608695652174,0.23478260869565218,0.0,-0.16388554285350504
reactant_scroller,5,D_no_bandit,3.2142857142857144,111.78571428571429,0.6428571428571429,0.9821428571428571,8.785714285714286,0.3008130081300813,0.23577235772357724,0.0,-0.13270897731562262
reactant_scroller,5,E_rule_only,3.2142857142857144,111.78571428571429,0.6428571428571429,0.9821428571428571,8.5,0.31092436974789917,0.24369747899159663,0.0,-0.12698695445544184
reactant_scroller,5,F_full_system,3.2142857142857144,113.92857142857143,0.7142857142857143,0.9821428571428571,8.428571428571429,0.2796610169491525,0.2457627118644068,0.0,-0.16401218820861677
reactant_scroller,6,B1_no_intervention,15.714285714285714,163.57142857142858,1.5,0.9464285714285714,0.0,,,,0.0
reactant_scroller,6,B2_static_limit,14.285714285714286,160.0,1.5714285714285714,0.9464285714285714,12.642857142857142,0.05649717514124294,0.943502824858757,0.096045197740113,-0.6726120901467675
reactant_scroller,6,B3_reminder_only,15.0,160.0,1.4285714285714286,0.9464285714285714,7.5,0.10476190476190476,0.0,0.14285714285714285,-0.1692956349206349
reactant_scroller,6,B4_rule_based,12.5,158.92857142857142,1.5,0.9464285714285714,11.0,0.07142857142857142,0.7467532467532467,0.012987012987012988,-0.49811662543805413
reactant_scroller,6,A_no_memory,6.428571428571429,136.78571428571428,1.0,0.9642857142857143,7.571428571428571,0.37735849056603776,0.11320754716981132,0.009433962264150943,-0.09945371097156815
reactant_scroller,6,B_no_context,6.071428571428571,132.85714285714286,1.0,0.9642857142857143,7.642857142857143,0.35514018691588783,0.11214953271028037,0.009345794392523364,-0.10116496598639459
reactant_scroller,6,C_no_personalization,6.785714285714286,136.78571428571428,1.1428571428571428,0.9642857142857143,7.785714285714286,0.3577981651376147,0.12844036697247707,0.009174311926605505,-0.09526566687280973
reactant_scroller,6,D_no_bandit,6.071428571428571,131.07142857142858,1.0,0.9642857142857143,8.642857142857142,0.35537190082644626,0.1322314049586777,0.008264462809917356,-0.10311910661700577
reactant_scroller,6,E_rule_only,5.357142857142857,130.35714285714286,1.0,0.9642857142857143,8.285714285714286,0.3706896551724138,0.1206896551724138,0.008620689655172414,-0.09667587868480727
reactant_scroller,6,F_full_system,6.428571428571429,136.78571428571428,1.0,0.9642857142857143,7.571428571428571,0.37735849056603776,0.11320754716981132,0.009433962264150943,-0.09945371097156815
reactant_scroller,7,B1_no_intervention,11.428571428571429,147.85714285714286,1.4285714285714286,0.9523809523809523,0.0,,,,0.0
reactant_scroller,7,B2_static_limit,11.428571428571429,143.21428571428572,1.2857142857142858,0.9523809523809523,10.928571428571429,0.058823529411764705,0.9411764705882353,0.16339869281045752,-0.75662313980923
reactant_scroller,7,B3_reminder_only,6.785714285714286,137.85714285714286,1.1428571428571428,0.9702380952380951,5.857142857142857,0.13414634146341464,0.0,0.25609756097560976,-0.20627834467120182
reactant_scroller,7,B4_rule_based,11.428571428571429,146.78571428571428,1.4285714285714286,0.9523809523809523,9.071428571428571,0.06299212598425197,0.7401574803149606,0.031496062992125984,-0.5254698178805322
reactant_scroller,7,A_no_memory,4.285714285714286,119.28571428571429,0.9285714285714286,0.9761904761904762,6.357142857142857,0.4606741573033708,0.11235955056179775,0.011235955056179775,-0.057114512471655325
reactant_scroller,7,B_no_context,3.9285714285714284,119.28571428571429,0.8571428571428571,0.9761904761904762,6.071428571428571,0.47058823529411764,0.08235294117647059,0.0,-0.040702947845804985
reactant_scroller,7,C_no_personalization,5.357142857142857,119.64285714285714,0.9285714285714286,0.9761904761904762,6.357142857142857,0.43820224719101125,0.11235955056179775,0.0,-0.05805104617604617
reactant_scroller,7,D_no_bandit,2.5,116.07142857142857,0.7857142857142857,0.9821428571428571,6.5,0.5054945054945055,0.0989010989010989,0.01098901098901099,-0.02073799216656359
reactant_scroller,7,E_rule_only,4.642857142857143,119.64285714285714,0.9285714285714286,0.9821428571428571,6.285714285714286,0.48863636363636365,0.10227272727272728,0.0,-0.023917104720676142
reactant_scroller,7,F_full_system,4.285714285714286,119.28571428571429,0.9285714285714286,0.9761904761904762,6.357142857142857,0.4606741573033708,0.11235955056179775,0.011235955056179775,-0.057114512471655325
reactant_scroller,8,B1_no_intervention,16.785714285714285,146.78571428571428,1.5,0.9642857142857143,0.0,,,,0.0
reactant_scroller,8,B2_static_limit,14.285714285714286,145.0,1.5,0.9583333333333333,11.0,0.032467532467532464,0.9675324675324676,0.11038961038961038,-0.7230334724983111
reactant_scroller,8,B3_reminder_only,14.285714285714286,138.57142857142858,1.1428571428571428,0.9642857142857143,6.142857142857143,0.12790697674418605,0.0,0.13953488372093023,-0.14986020923520926
reactant_scroller,8,B4_rule_based,16.071428571428573,141.78571428571428,1.3571428571428572,0.9583333333333333,10.571428571428571,0.04054054054054054,0.7905405405405406,0.006756756756756757,-0.5478971588635454
reactant_scroller,8,A_no_memory,9.285714285714286,121.42857142857143,1.0,0.9761904761904762,7.214285714285714,0.3465346534653465,0.16831683168316833,0.009900990099009901,-0.11112103174603173
reactant_scroller,8,B_no_context,8.928571428571429,117.85714285714286,0.8571428571428571,0.9702380952380951,7.857142857142857,0.34545454545454546,0.19090909090909092,0.00909090909090909,-0.10380007131057552
reactant_scroller,8,C_no_personalization,11.428571428571429,124.64285714285714,0.9285714285714286,0.9761904761904762,7.142857142857143,0.36,0.14,0.01,-0.08777090964590965
reactant_scroller,8,D_no_bandit,9.285714285714286,117.85714285714286,0.8571428571428571,0.9702380952380951,7.785714285714286,0.3577981651376147,0.1926605504587156,0.009174311926605505,-0.09654539146660994
reactant_scroller,8,E_rule_only,8.571428571428571,117.14285714285714,0.8571428571428571,0.9702380952380951,7.642857142857143,0.3644859813084112,0.18691588785046728,0.009345794392523364,-0.09050732239282659
reactant_scroller,8,F_full_system,9.285714285714286,121.42857142857143,1.0,0.9761904761904762,7.214285714285714,0.3465346534653465,0.16831683168316833,0.009900990099009901,-0.11112103174603173
reactant_scroller,9,B1_no_intervention,20.357142857142858,191.42857142857142,1.9285714285714286,0.9285714285714286,0.0,,,,0.0
reactant_scroller,9,B2_static_limit,20.0,186.42857142857142,1.9285714285714286,0.9285714285714286,15.714285714285714,0.05,0.95,0.18636363636363637,-0.79472762430331
reactant_scroller,9,B3_reminder_only,13.214285714285714,177.14285714285714,1.6428571428571428,0.9285714285714286,7.785714285714286,0.14678899082568808,0.0,0.22018348623853212,-0.18381944444444445
reactant_scroller,9,B4_rule_based,17.857142857142858,185.35714285714286,1.7857142857142858,0.9285714285714286,12.857142857142858,0.08333333333333333,0.8055555555555556,0.044444444444444446,-0.5684294086300943
reactant_scroller,9,A_no_memory,9.642857142857142,163.21428571428572,1.5,0.9523809523809523,11.214285714285714,0.24203821656050956,0.2356687898089172,0.03184713375796178,-0.1790834165834166
reactant_scroller,9,B_no_context,8.928571428571429,158.92857142857142,1.3571428571428572,0.9523809523809523,11.571428571428571,0.25308641975308643,0.25308641975308643,0.037037037037037035,-0.18602104740497596
reactant_scroller,9,C_no_personalization,10.0,164.64285714285714,1.5714285714285714,0.9523809523809523,11.285714285714286,0.2468354430379747,0.2468354430379747,0.0379746835443038,-0.1769092514628229
reactant_scroller,9,D_no_bandit,10.0,161.42857142857142,1.3571428571428572,0.9523809523809523,12.214285714285714,0.2573099415204678,0.24561403508771928,0.03508771929824561,-0.1795330215419501
reactant_scroller,9,E_rule_only,11.071428571428571,162.5,1.3571428571428572,0.9523809523809523,12.071428571428571,0.2485207100591716,0.24260355029585798,0.04142011834319527,-0.18207199546485264
reactant_scroller,9,F_full_system,9.642857142857142,163.21428571428572,1.5,0.9523809523809523,11.214285714285714,0.24203821656050956,0.2356687898089172,0.03184713375796178,-0.1790834165834166
compliant_planner,0,B1_no_intervention,1.7857142857142858,41.785714285714285,0.0,0.9851190476190476,0.0,,,,0.0
compliant_planner,0,B2_static_limit,1.7857142857142858,41.42857142857143,0.0,0.9851190476190476,0.07142857142857142,1.0,0.0,0.0,0.0017857142857142852
compliant_planner,0,B3_reminder_only,1.7857142857142858,40.357142857142854,0.0,0.9851190476190476,1.0,0.2857142857142857,0.0,0.21428571428571427,-0.06220238095238095
compliant_planner,0,B4_rule_based,0.7142857142857143,40.357142857142854,0.0,0.994047619047619,0.35714285714285715,0.6,0.4,0.6,-0.10654761904761904
compliant_planner,0,A_no_memory,1.4285714285714286,41.07142857142857,0.0,0.9880952380952381,0.5714285714285714,0.25,0.125,0.5,-0.09428571428571429
compliant_planner,0,B_no_context,1.4285714285714286,41.07142857142857,0.0,0.9880952380952381,0.5714285714285714,0.25,0.125,0.5,-0.09428571428571429
compliant_planner,0,C_no_personalization,1.4285714285714286,41.07142857142857,0.0,0.9880952380952381,0.6428571428571429,0.2222222222222222,0.1111111111111111,0.4444444444444444,-0.10035714285714288
compliant_planner,0,D_no_bandit,1.4285714285714286,41.07142857142857,0.0,0.9880952380952381,0.5714285714285714,0.25,0.125,0.5,-0.09309523809523809
compliant_planner,0,E_rule_only,1.4285714285714286,41.07142857142857,0.0,0.9880952380952381,0.7142857142857143,0.2,0.1,0.4,-0.10380952380952381
compliant_planner,0,F_full_system,1.4285714285714286,41.07142857142857,0.0,0.9880952380952381,0.5714285714285714,0.25,0.125,0.5,-0.09428571428571429
compliant_planner,1,B1_no_intervention,1.0714285714285714,61.07142857142857,0.21428571428571427,0.9940476190476192,0.0,,,,0.0
compliant_planner,1,B2_static_limit,1.0714285714285714,54.285714285714285,0.21428571428571427,0.9940476190476192,1.2142857142857142,0.6470588235294118,0.35294117647058826,0.47058823529411764,-0.1376984126984127
compliant_planner,1,B3_reminder_only,1.0714285714285714,59.642857142857146,0.21428571428571427,0.9940476190476192,2.142857142857143,0.2,0.0,0.3,-0.12217261904761904
compliant_planner,1,B4_rule_based,1.0714285714285714,61.07142857142857,0.21428571428571427,0.9940476190476192,0.14285714285714285,1.0,0.0,0.0,0.0035714285714285704
compliant_planner,1,A_no_memory,1.0714285714285714,61.07142857142857,0.21428571428571427,0.9940476190476192,0.35714285714285715,0.4,0.0,0.0,-0.010714285714285716
compliant_planner,1,B_no_context,1.0714285714285714,61.07142857142857,0.21428571428571427,0.9940476190476192,0.35714285714285715,0.6,0.0,0.0,0.0017857142857142852
compliant_planner,1,C_no_personalization,1.0714285714285714,60.714285714285715,0.14285714285714285,0.9940476190476192,0.35714285714285715,0.6,0.0,0.0,0.0017857142857142852
compliant_planner,1,D_no_bandit,0.7142857142857143,60.0,0.21428571428571427,0.9940476190476192,0.5,0.5714285714285714,0.0,0.0,0.008928571428571426
compliant_planner,1,E_rule_only,1.0714285714285714,61.07142857142857,0.21428571428571427,0.9940476190476192,0.2857142857142857,0.25,0.0,0.0,-0.005357142857142859
compliant_planner,1,F_full_system,1.0714285714285714,61.07142857142857,0.21428571428571427,0.9940476190476192,0.35714285714285715,0.4,0.0,0.0,-0.010714285714285716
compliant_planner,2,B1_no_intervention,5.0,58.92857142857143,0.35714285714285715,0.9642857142857143,0.0,,,,0.0
compliant_planner,2,B2_static_limit,3.5714285714285716,51.42857142857143,0.2857142857142857,0.9761904761904763,1.6428571428571428,0.8260869565217391,0.17391304347826086,0.34782608695652173,-0.07431972789115647
compliant_planner,2,B3_reminder_only,3.9285714285714284,55.0,0.21428571428571427,0.9642857142857143,1.8571428571428572,0.15384615384615385,0.0,0.38461538461538464,-0.1447278911564626
compliant_planner,2,B4_rule_based,3.5714285714285716,57.142857142857146,0.35714285714285715,0.9761904761904763,0.5,1.0,0.0,0.0,0.010119047619047616
compliant_planner,2,A_no_memory,2.857142857142857,56.07142857142857,0.2857142857142857,0.9732142857142857,1.0,0.5714285714285714,0.0,0.0,0.013988095238095235
compliant_planner,2,B_no_context,3.2142857142857144,56.785714285714285,0.35714285714285715,0.9702380952380952,0.9285714285714286,0.5384615384615384,0.0,0.0,0.013749999999999998
compliant_planner,2,C_no_personalization,2.857142857142857,56.07142857142857,0.2857142857142857,0.9732142857142857,1.0,0.5714285714285714,0.0,0.0,0.013988095238095235
compliant_planner,2,D_no_bandit,3.2142857142857144,56.42857142857143,0.2857142857142857,0.9702380952380952,1.0714285714285714,0.4666666666666667,0.0,0.0,0.0035714285714285665
compliant_planner,2,E_rule_only,4.285714285714286,57.142857142857146,0.2857142857142857,0.9702380952380952,1.0,0.35714285714285715,0.0,0.0,-0.00678571428571429
compliant_planner,2,F_full_system,2.857142857142857,56.07142857142857,0.2857142857142857,0.9732142857142857,1.0,0.5714285714285714,0.0,0.0,0.013988095238095235
compliant_planner,3,B1_no_intervention,2.142857142857143,46.785714285714285,0.14285714285714285,0.994047619047619,0.0,,,,0.0
compliant_planner,3,B2_static_limit,0.35714285714285715,42.5,0.0,0.994047619047619,0.7142857142857143,0.5,0.5,0.5,-0.11607142857142858
compliant_planner,3,B3_reminder_only,2.142857142857143,45.0,0.14285714285714285,0.994047619047619,1.5714285714285714,0.22727272727272727,0.0,0.45454545454545453,-0.10755102040816325
compliant_planner,3,B4_rule_based,2.142857142857143,47.142857142857146,0.14285714285714285,0.994047619047619,0.2857142857142857,0.25,0.75,0.75,-0.10654761904761904
compliant_planner,3,A_no_memory,0.35714285714285715,43.92857142857143,0.07142857142857142,0.994047619047619,0.35714285714285715,0.8,0.0,0.4,-0.01964285714285714
compliant_planner,3,B_no_context,0.35714285714285715,43.92857142857143,0.07142857142857142,0.994047619047619,0.2857142857142857,1.0,0.0,0.5,-0.014285714285714285
compliant_planner,3,C_no_personalization,0.35714285714285715,43.92857142857143,0.07142857142857142,0.994047619047619,0.35714285714285715,0.8,0.0,0.4,-0.01964285714285714
compliant_planner,3,D_no_bandit,0.35714285714285715,43.92857142857143,0.07142857142857142,0.994047619047619,0.35714285714285715,0.8,0.0,0.4,-0.014285714285714285
compliant_planner,3,E_rule_only,2.142857142857143,46.07142857142857,0.14285714285714285,0.994047619047619,0.2857142857142857,0.75,0.0,0.5,-0.019642857142857146
compliant_planner,3,F_full_system,0.35714285714285715,43.92857142857143,0.07142857142857142,0.994047619047619,0.35714285714285715,0.8,0.0,0.4,-0.01964285714285714
compliant_planner,4,B1_no_intervention,0.35714285714285715,50.357142857142854,0.07142857142857142,0.9970238095238095,0.0,,,,0.0
compliant_planner,4,B2_static_limit,0.35714285714285715,42.142857142857146,0.07142857142857142,0.9970238095238095,1.3571428571428572,0.8947368421052632,0.10526315789473684,0.3684210526315789,-0.059382086167800455
compliant_planner,4,B3_reminder_only,0.35714285714285715,49.642857142857146,0.07142857142857142,0.9970238095238095,1.5714285714285714,0.2727272727272727,0.0,0.4090909090909091,-0.12187074829931972
compliant_planner,4,B4_rule_based,0.35714285714285715,50.357142857142854,0.07142857142857142,0.9970238095238095,0.07142857142857142,1.0,0.0,0.0,0.0017857142857142852
compliant_planner,4,A_no_memory,0.35714285714285715,50.357142857142854,0.07142857142857142,0.9970238095238095,0.07142857142857142,0.0,0.0,0.0,-0.0071428571428571435
compliant_planner,4,B_no_context,0.35714285714285715,50.357142857142854,0.07142857142857142,0.9970238095238095,0.07142857142857142,0.0,0.0,0.0,-0.0071428571428571435
compliant_planner,4,C_no_personalization,0.35714285714285715,50.357142857142854,0.07142857142857142,0.9970238095238095,0.07142857142857142,0.0,0.0,0.0,-0.0071428571428571435
compliant_planner,4,D_no_bandit,0.35714285714285715,50.357142857142854,0.07142857142857142,0.9970238095238095,0.07142857142857142,0.0,0.0,0.0,-0.005357142857142858
compliant_planner,4,E_rule_only,0.35714285714285715,50.357142857142854,0.07142857142857142,0.9970238095238095,0.21428571428571427,0.6666666666666666,0.0,0.0,0.008333333333333333
compliant_planner,4,F_full_system,0.35714285714285715,50.357142857142854,0.07142857142857142,0.9970238095238095,0.07142857142857142,0.0,0.0,0.0,-0.0071428571428571435
compliant_planner,5,B1_no_intervention,1.4285714285714286,55.714285714285715,0.07142857142857142,0.9880952380952381,0.0,,,,0.0
compliant_planner,5,B2_static_limit,1.4285714285714286,50.714285714285715,0.07142857142857142,0.9880952380952381,1.2857142857142858,0.6111111111111112,0.3888888888888889,0.6666666666666666,-0.18265306122448982
compliant_planner,5,B3_reminder_only,1.4285714285714286,55.357142857142854,0.07142857142857142,0.9880952380952381,1.9285714285714286,0.1111111111111111,0.0,0.3333333333333333,-0.15544217687074832
compliant_planner,5,B4_rule_based,0.7142857142857143,55.0,0.07142857142857142,0.9940476190476192,0.14285714285714285,1.0,0.0,0.0,0.0035714285714285704
compliant_planner,5,A_no_memory,0.7142857142857143,55.0,0.07142857142857142,0.9940476190476192,0.2857142857142857,0.25,0.0,0.0,-0.008928571428571428
compliant_planner,5,B_no_context,0.7142857142857143,55.0,0.07142857142857142,0.9940476190476192,0.14285714285714285,0.5,0.0,0.0,-9.912705577010326e-19
compliant_planner,5,C_no_personalization,0.7142857142857143,55.0,0.07142857142857142,0.9940476190476192,0.14285714285714285,0.5,0.0,0.0,-0.0017857142857142863
compliant_planner,5,D_no_bandit,0.7142857142857143,55.0,0.07142857142857142,0.9940476190476192,0.35714285714285715,0.2,0.0,0.0,-0.006250000000000001
compliant_planner,5,E_rule_only,0.7142857142857143,55.0,0.07142857142857142,0.9940476190476192,0.2857142857142857,0.25,0.0,0.0,-0.00892857142857143
compliant_planner,5,F_full_system,0.7142857142857143,55.0,0.07142857142857142,0.9940476190476192,0.2857142857142857,0.25,0.0,0.0,-0.008928571428571428
compliant_planner,6,B1_no_intervention,1.7857142857142858,57.5,0.21428571428571427,0.9821428571428571,0.0,,,,0.0
compliant_planner,6,B2_static_limit,1.7857142857142858,52.857142857142854,0.21428571428571427,0.9821428571428571,1.0714285714285714,0.7333333333333333,0.26666666666666666,0.4666666666666667,-0.12297619047619049
compliant_planner,6,B3_reminder_only,1.7857142857142858,57.5,0.21428571428571427,0.9821428571428571,2.0,0.10714285714285714,0.0,0.39285714285714285,-0.14404761904761906
compliant_planner,6,B4_rule_based,1.4285714285714286,57.142857142857146,0.21428571428571427,0.9851190476190476,0.5,0.5714285714285714,0.42857142857142855,0.42857142857142855,-0.10238095238095239
compliant_planner,6,A_no_memory,1.4285714285714286,55.714285714285715,0.14285714285714285,0.9851190476190476,0.5714285714285714,0.5,0.0,0.375,-0.03630952380952381
compliant_planner,6,B_no_context,1.4285714285714286,55.714285714285715,0.14285714285714285,0.9851190476190476,0.6428571428571429,0.4444444444444444,0.0,0.3333333333333333,-0.03214285714285715
compliant_planner,6,C_no_personalization,1.4285714285714286,55.714285714285715,0.14285714285714285,0.9851190476190476,0.5714285714285714,0.5,0.0,0.375,-0.03630952380952381
compliant_planner,6,D_no_bandit,1.4285714285714286,55.714285714285715,0.14285714285714285,0.9851190476190476,0.6428571428571429,0.4444444444444444,0.0,0.3333333333333333,-0.033630952380952386
compliant_planner,6,E_rule_only,1.4285714285714286,55.714285714285715,0.14285714285714285,0.9851190476190476,0.5,0.42857142857142855,0.0,0.42857142857142855,-0.04523809523809525
compliant_planner,6,F_full_system,1.4285714285714286,55.714285714285715,0.14285714285714285,0.9851190476190476,0.5714285714285714,0.5,0.0,0.375,-0.03630952380952381
compliant_planner,7,B1_no_intervention,2.857142857142857,60.357142857142854,0.14285714285714285,0.9880952380952381,0.0,,,,0.0
compliant_planner,7,B2_static_limit,1.4285714285714286,55.357142857142854,0.14285714285714285,0.9880952380952381,1.4285714285714286,0.65,0.35,0.45,-0.16577380952380952
compliant_planner,7,B3_reminder_only,2.857142857142857,57.857142857142854,0.14285714285714285,0.9880952380952381,1.8571428571428572,0.15384615384615385,0.0,0.38461538461538464,-0.13505952380952382
compliant_planner,7,B4_rule_based,2.5,60.0,0.14285714285714285,0.9910714285714286,0.21428571428571427,0.6666666666666666,0.3333333333333333,0.3333333333333333,-0.042857142857142864
compliant_planner,7,A_no_memory,1.0714285714285714,58.57142857142857,0.14285714285714285,0.9910714285714286,0.35714285714285715,0.6,0.0,0.2,-0.005357142857142857
compliant_planner,7,B_no_context,2.5,60.0,0.14285714285714285,0.9910714285714286,0.35714285714285715,0.2,0.2,0.2,-0.042857142857142864
compliant_planner,7,C_no_personalization,1.0714285714285714,58.57142857142857,0.14285714285714285,0.9910714285714286,0.2857142857142857,0.5,0.0,0.25,-0.017857142857142856
compliant_planner,7,D_no_bandit,1.0714285714285714,58.214285714285715,0.14285714285714285,0.9910714285714286,0.5,0.7142857142857143,0.0,0.14285714285714285,0.010714285714285716
compliant_planner,7,E_rule_only,1.4285714285714286,58.92857142857143,0.14285714285714285,0.9910714285714286,0.2857142857142857,0.5,0.0,0.25,-0.014285714285714287
compliant_planner,7,F_full_system,1.0714285714285714,58.57142857142857,0.14285714285714285,0.9910714285714286,0.35714285714285715,0.6,0.0,0.2,-0.005357142857142857
compliant_planner,8,B1_no_intervention,2.142857142857143,37.5,0.07142857142857142,0.9821428571428571,0.0,,,,0.0
compliant_planner,8,B2_static_limit,2.142857142857143,37.142857142857146,0.07142857142857142,0.9821428571428571,0.14285714285714285,1.0,0.0,0.5,-0.014285714285714287
compliant_planner,8,B3_reminder_only,2.142857142857143,36.07142857142857,0.0,0.9821428571428571,0.9285714285714286,0.15384615384615385,0.0,0.5384615384615384,-0.13422619047619047
compliant_planner,8,B4_rule_based,1.0714285714285714,36.07142857142857,0.07142857142857142,0.9910714285714287,0.35714285714285715,0.6,0.4,0.4,-0.05654761904761905
compliant_planner,8,A_no_memory,1.4285714285714286,36.42857142857143,0.07142857142857142,0.9880952380952381,0.5,0.2857142857142857,0.0,0.2857142857142857,-0.03630952380952381
compliant_planner,8,B_no_context,1.4285714285714286,36.42857142857143,0.07142857142857142,0.9880952380952381,0.5,0.2857142857142857,0.0,0.2857142857142857,-0.03630952380952381
compliant_planner,8,C_no_personalization,1.4285714285714286,36.42857142857143,0.07142857142857142,0.9880952380952381,0.5,0.2857142857142857,0.0,0.2857142857142857,-0.03630952380952381
compliant_planner,8,D_no_bandit,1.7857142857142858,36.785714285714285,0.07142857142857142,0.9851190476190476,0.5714285714285714,0.25,0.0,0.25,-0.041071428571428585
compliant_planner,8,E_rule_only,1.7857142857142858,36.785714285714285,0.07142857142857142,0.9851190476190476,0.5,0.2857142857142857,0.0,0.2857142857142857,-0.0386904761904762
compliant_planner,8,F_full_system,1.4285714285714286,36.42857142857143,0.07142857142857142,0.9880952380952381,0.5,0.2857142857142857,0.0,0.2857142857142857,-0.03630952380952381
compliant_planner,9,B1_no_intervention,4.642857142857143,65.35714285714286,0.35714285714285715,0.9791666666666666,0.0,,,,0.0
compliant_planner,9,B2_static_limit,4.642857142857143,56.42857142857143,0.2857142857142857,0.9791666666666666,1.3571428571428572,0.5789473684210527,0.42105263157894735,0.47368421052631576,-0.18928571428571428
compliant_planner,9,B3_reminder_only,4.642857142857143,62.5,0.35714285714285715,0.9791666666666666,2.2142857142857144,0.1935483870967742,0.0,0.3225806451612903,-0.17077380952380958
compliant_planner,9,B4_rule_based,3.9285714285714284,64.64285714285714,0.35714285714285715,0.9851190476190477,0.2857142857142857,1.0,0.0,0.0,0.007142857142857141
compliant_planner,9,A_no_memory,4.285714285714286,65.0,0.35714285714285715,0.9821428571428571,0.7142857142857143,0.5,0.1,0.0,-0.007440476190476192
compliant_planner,9,B_no_context,4.285714285714286,65.0,0.35714285714285715,0.9821428571428571,0.7142857142857143,0.5,0.1,0.0,-0.005654761904761906
compliant_planner,9,C_no_personalization,3.5714285714285716,63.92857142857143,0.2857142857142857,0.9851190476190477,0.8571428571428571,0.5833333333333334,0.08333333333333333,0.0,0.0035714285714285726
compliant_planner,9,D_no_bandit,4.285714285714286,65.0,0.35714285714285715,0.9821428571428571,0.6428571428571429,0.4444444444444444,0.0,0.0,0.0017857142857142833
compliant_planner,9,E_rule_only,4.285714285714286,65.0,0.35714285714285715,0.9821428571428571,0.7857142857142857,0.5454545454545454,0.0,0.18181818181818182,-0.01488095238095238
compliant_planner,9,F_full_system,4.285714285714286,65.0,0.35714285714285715,0.9821428571428571,0.7142857142857143,0.5,0.1,0.0,-0.007440476190476192
binge_watcher,0,B1_no_intervention,25.714285714285715,145.71428571428572,1.9285714285714286,0.9702380952380951,0.0,,,,0.0
binge_watcher,0,B2_static_limit,8.571428571428571,95.35714285714286,0.9285714285714286,0.9702380952380951,5.857142857142857,0.524390243902439,0.47560975609756095,0.024390243902439025,-0.25878968253968254
binge_watcher,0,B3_reminder_only,25.357142857142858,140.35714285714286,1.6428571428571428,0.9702380952380951,6.785714285714286,0.06315789473684211,0.0,0.10526315789473684,-0.13857185990338167
binge_watcher,0,B4_rule_based,16.071428571428573,121.78571428571429,1.4285714285714286,0.9702380952380951,1.2142857142857142,0.8823529411764706,0.11764705882352941,0.0,-0.007108843537414969
binge_watcher,0,A_no_memory,5.357142857142857,113.57142857142857,1.2857142857142858,0.9821428571428571,3.2142857142857144,0.5333333333333333,0.13333333333333333,0.0,-0.027964743589743598
binge_watcher,0,B_no_context,6.071428571428571,116.07142857142857,1.3571428571428572,0.9702380952380951,3.0,0.5476190476190477,0.16666666666666666,0.0,-0.032342687074829936
binge_watcher,0,C_no_personalization,5.714285714285714,115.0,1.3571428571428572,0.988095238095238,3.142857142857143,0.5227272727272727,0.09090909090909091,0.0,-0.018125000000000002
binge_watcher,0,D_no_bandit,4.642857142857143,112.14285714285714,1.2142857142857142,0.9702380952380951,3.9285714285714284,0.41818181818181815,0.05454545454545454,0.0,-0.03959183673469389
binge_watcher,0,E_rule_only,13.214285714285714,121.78571428571429,1.3571428571428572,0.9702380952380951,3.0,0.38095238095238093,0.047619047619047616,0.0,-0.046220238095238106
binge_watcher,0,F_full_system,8.571428571428571,117.5,1.2857142857142858,0.9702380952380951,2.9285714285714284,0.6097560975609756,0.0975609756097561,0.0,-0.025871598639455786
binge_watcher,1,B1_no_intervention,11.071428571428571,135.71428571428572,1.3571428571428572,0.994047619047619,0.0,,,,0.0
binge_watcher,1,B2_static_limit,5.357142857142857,100.71428571428571,0.7857142857142857,0.994047619047619,6.642857142857143,0.4838709677419355,0.5161290322580645,0.053763440860215055,-0.25851353356788137
binge_watcher,1,B3_reminder_only,9.642857142857142,133.92857142857142,1.3571428571428572,0.994047619047619,6.214285714285714,0.034482758620689655,0.0,0.04597701149425287,-0.12492346938775513
binge_watcher,1,B4_rule_based,8.214285714285714,119.64285714285714,1.0714285714285714,0.994047619047619,1.9285714285714286,0.6296296296296297,0.37037037037037035,0.0,-0.12416512059369202
binge_watcher,1,A_no_memory,1.0714285714285714,114.64285714285714,0.9285714285714286,0.994047619047619,4.214285714285714,0.4067796610169492,0.0847457627118644,0.0,-0.06332908163265306
binge_watcher,1,B_no_context,3.2142857142857144,118.92857142857143,1.1428571428571428,0.994047619047619,3.7857142857142856,0.41509433962264153,0.09433962264150944,0.0,-0.0157670068027211
binge_watcher,1,C_no_personalization,1.7857142857142858,113.21428571428571,0.9285714285714286,0.994047619047619,3.4285714285714284,0.5208333333333334,0.0625,0.0,-0.01795634920634921
binge_watcher,1,D_no_bandit,1.7857142857142858,111.07142857142857,0.5714285714285714,0.994047619047619,4.785714285714286,0.40298507462686567,0.1044776119402985,0.0,-0.04750425170068028
binge_watcher,1,E_rule_only,5.0,116.42857142857143,0.9285714285714286,0.994047619047619,3.2142857142857144,0.4444444444444444,0.1111111111111111,0.0,-0.041011904761904756
binge_watcher,1,F_full_system,1.0714285714285714,114.64285714285714,0.9285714285714286,0.994047619047619,4.214285714285714,0.3898305084745763,0.1016949152542373,0.0,-0.0647874149659864
binge_watcher,2,B1_no_intervention,15.0,121.07142857142857,1.5714285714285714,0.9226190476190476,0.0,,,,0.0
binge_watcher,2,B2_static_limit,7.142857142857143,89.64285714285714,0.9285714285714286,0.9583333333333334,5.785714285714286,0.5308641975308642,0.4691358024691358,0.1728395061728395,-0.2559228767264482
binge_watcher,2,B3_reminder_only,10.357142857142858,114.28571428571429,1.5,0.9226190476190476,5.5,0.07792207792207792,0.0,0.23376623376623376,-0.18925768675768675
binge_watcher,2,B4_rule_based,13.928571428571429,116.07142857142857,1.4285714285714286,0.9226190476190476,0.6428571428571429,0.5555555555555556,0.4444444444444444,0.0,-0.03035714285714286
binge_watcher,2,A_no_memory,4.285714285714286,106.07142857142857,1.3571428571428572,0.9523809523809523,2.0,0.6071428571428571,0.0,0.0,0.005595238095238085
binge_watcher,2,B_no_context,6.428571428571429,108.21428571428571,1.3571428571428572,0.9226190476190476,1.2857142857142858,0.5,0.0,0.0,-0.018154761904761913
binge_watcher,2,C_no_personalization,6.071428571428571,107.5,1.3571428571428572,0.9345238095238094,1.4285714285714286,0.6,0.05,0.0,-0.002083333333333336
binge_watcher,2,D_no_bandit,5.357142857142857,106.42857142857143,1.2857142857142858,0.9345238095238094,2.7857142857142856,0.41025641025641024,0.07692307692307693,0.0,-0.0322108843537415
binge_watcher,2,E_rule_only,10.0,111.78571428571429,1.3571428571428572,0.9226190476190476,1.4285714285714286,0.35,0.0,0.0,-0.025595238095238105
binge_watcher,2,F_full_system,4.285714285714286,106.07142857142857,1.3571428571428572,0.9523809523809523,2.0,0.6071428571428571,0.0,0.0,0.005595238095238085
binge_watcher,3,B1_no_intervention,20.357142857142858,141.07142857142858,1.8571428571428572,0.9642857142857143,0.0,,,,0.0
binge_watcher,3,B2_static_limit,8.928571428571429,91.42857142857143,0.9285714285714286,0.9702380952380952,5.785714285714286,0.5308641975308642,0.4691358024691358,0.1111111111111111,-0.21284863945578233
binge_watcher,3,B3_reminder_only,17.857142857142858,137.14285714285714,1.7857142857142858,0.9642857142857143,6.785714285714286,0.07368421052631578,0.0,0.15789473684210525,-0.14675582354153782
binge_watcher,3,B4_rule_based,17.142857142857142,126.07142857142857,1.5,0.9642857142857143,1.0714285714285714,0.7333333333333333,0.26666666666666666,0.3333333333333333,-0.08690476190476192
binge_watcher,3,A_no_memory,6.071428571428571,117.85714285714286,1.5,0.988095238095238,3.142857142857143,0.5,0.09090909090909091,0.022727272727272728,-0.06258503401360545
binge_watcher,3,B_no_context,6.428571428571429,120.35714285714286,1.6428571428571428,0.9642857142857143,2.7857142857142856,0.5384615384615384,0.07692307692307693,0.02564102564102564,-0.027500000000000007
binge_watcher,3,C_no_personalization,6.785714285714286,120.35714285714286,1.6428571428571428,0.988095238095238,2.7142857142857144,0.5263157894736842,0.07894736842105263,0.07894736842105263,-0.03039965986394558
binge_watcher,3,D_no_bandit,3.2142857142857144,112.14285714285714,1.2142857142857142,0.988095238095238,3.7142857142857144,0.4807692307692308,0.057692307692307696,0.019230769230769232,-0.033092403628117925
binge_watcher,3,E_rule_only,15.0,127.14285714285714,1.5714285714285714,0.9642857142857143,2.7142857142857144,0.34210526315789475,0.07894736842105263,0.07894736842105263,-0.06381377551020409
binge_watcher,3,F_full_system,6.071428571428571,117.85714285714286,1.5,0.988095238095238,3.2142857142857144,0.5111111111111111,0.08888888888888889,0.022222222222222223,-0.060884353741496595
binge_watcher,4,B1_no_intervention,25.357142857142858,149.64285714285714,1.6428571428571428,0.9523809523809524,0.0,,,,0.0
binge_watcher,4,B2_static_limit,8.571428571428571,101.07142857142857,0.7142857142857143,0.9583333333333334,6.857142857142857,0.53125,0.46875,0.14583333333333334,-0.28575070762570765
binge_watcher,4,B3_reminder_only,15.714285714285714,136.42857142857142,1.4285714285714286,0.9523809523809524,6.357142857142857,0.10112359550561797,0.0,0.0898876404494382,-0.1286996882086168
binge_watcher,4,B4_rule_based,19.285714285714285,136.42857142857142,1.3571428571428572,0.9523809523809524,1.4285714285714286,0.65,0.35,0.25,-0.10913690476190477
binge_watcher,4,A_no_memory,3.5714285714285716,123.92857142857143,1.3571428571428572,0.9761904761904762,4.0,0.5178571428571429,0.05357142857142857,0.07142857142857142,-0.05388278388278388
binge_watcher,4,B_no_context,6.785714285714286,127.5,1.4285714285714286,0.9523809523809524,3.357142857142857,0.48936170212765956,0.10638297872340426,0.1276595744680851,-0.06565476190476191
binge_watcher,4,C_no_personalization,9.285714285714286,131.42857142857142,1.5714285714285714,0.9702380952380952,3.9285714285714284,0.45454545454545453,0.07272727272727272,0.07272727272727272,-0.07311289900575615
binge_watcher,4,D_no_bandit,3.5714285714285716,122.85714285714286,1.3571428571428572,0.9761904761904762,5.642857142857143,0.3924050632911392,0.13924050632911392,0.0379746835443038,-0.11711116264687693
binge_watcher,4,E_rule_only,11.785714285714286,132.14285714285714,1.4285714285714286,0.9523809523809524,3.5714285714285716,0.38,0.1,0.16,-0.0807577838827839
binge_watcher,4,F_full_system,3.2142857142857144,123.57142857142857,1.3571428571428572,0.9761904761904762,3.857142857142857,0.5185185185185185,0.05555555555555555,0.05555555555555555,-0.052099567099567104
binge_watcher,5,B1_no_intervention,24.642857142857142,144.28571428571428,2.0,0.9226190476190476,0.0,,,,0.0
binge_watcher,5,B2_static_limit,10.714285714285714,107.14285714285714,1.1428571428571428,0.9523809523809523,7.142857142857143,0.39,0.61,0.19,-0.41478174603174595
binge_watcher,5,B3_reminder_only,19.285714285714285,138.92857142857142,2.0,0.9226190476190476,6.857142857142857,0.0625,0.0,0.14583333333333334,-0.19776321892393325
binge_watcher,5,B4_rule_based,21.071428571428573,135.0,1.6428571428571428,0.9345238095238094,0.6428571428571429,0.7777777777777778,0.2222222222222222,0.0,-0.030952380952380957
binge_watcher,5,A_no_memory,2.5,117.14285714285714,1.3571428571428572,0.982142857142857,2.2857142857142856,0.625,0.0625,0.0,0.0037499999999999973
binge_watcher,5,B_no_context,8.571428571428571,125.35714285714286,1.7142857142857142,0.9226190476190476,2.2857142857142856,0.5625,0.0625,0.0,-0.02744047619047619
binge_watcher,5,C_no_personalization,5.714285714285714,121.07142857142857,1.5714285714285714,0.982142857142857,2.4285714285714284,0.5294117647058824,0.08823529411764706,0.0,-0.03785714285714286
binge_watcher,5,D_no_bandit,2.857142857142857,116.07142857142857,1.3571428571428572,0.982142857142857,3.7857142857142856,0.4339622641509434,0.09433962264150944,0.0,-0.04127267573696145
binge_watcher,5,E_rule_only,14.642857142857142,131.78571428571428,1.7142857142857142,0.9345238095238094,2.2857142857142856,0.40625,0.09375,0.0,-0.03193877551020409
binge_watcher,5,F_full_system,2.142857142857143,117.14285714285714,1.4285714285714286,0.982142857142857,2.4285714285714284,0.5882352941176471,0.08823529411764706,0.0,-0.019107142857142868
binge_watcher,6,B1_no_intervention,24.285714285714285,160.71428571428572,1.9285714285714286,0.9523809523809524,0.0,,,,0.0
binge_watcher,6,B2_static_limit,7.5,100.71428571428571,0.7142857142857143,0.988095238095238,7.071428571428571,0.5151515151515151,0.48484848484848486,0.10101010101010101,-0.2850067888460745
binge_watcher,6,B3_reminder_only,20.714285714285715,155.0,1.7857142857142858,0.9523809523809524,7.642857142857143,0.056074766355140186,0.0,0.11214953271028037,-0.14719442264085122
binge_watcher,6,B4_rule_based,18.571428571428573,139.64285714285714,1.2857142857142858,0.9523809523809524,1.2857142857142858,0.7777777777777778,0.2222222222222222,0.0,-0.03452380952380953
binge_watcher,6,A_no_memory,2.857142857142857,124.28571428571429,1.0,0.988095238095238,3.2142857142857144,0.5777777777777777,0.13333333333333333,0.0,-0.030807823129251708
binge_watcher,6,B_no_context,6.785714285714286,131.78571428571428,1.2857142857142858,0.9523809523809524,3.2142857142857144,0.5111111111111111,0.08888888888888889,0.0,-0.039115646258503396
binge_watcher,6,C_no_personalization,6.071428571428571,133.57142857142858,1.3571428571428572,0.9702380952380952,3.357142857142857,0.46808510638297873,0.0851063829787234,0.0,-0.046213151927437655
binge_watcher,6,D_no_bandit,2.857142857142857,127.14285714285714,1.1428571428571428,0.988095238095238,4.142857142857143,0.43103448275862066,0.08620689655172414,0.0,-0.04974489795918368
binge_watcher,6,E_rule_only,16.785714285714285,137.5,1.2857142857142858,0.9583333333333334,3.857142857142857,0.3888888888888889,0.07407407407407407,0.0,-0.053887471655328804
binge_watcher,6,F_full_system,2.857142857142857,124.28571428571429,1.0,0.988095238095238,3.2142857142857144,0.5777777777777777,0.13333333333333333,0.0,-0.030807823129251708
binge_watcher,7,B1_no_intervention,20.714285714285715,140.35714285714286,1.8571428571428572,0.9464285714285715,0.0,,,,0.0
binge_watcher,7,B2_static_limit,6.428571428571429,100.0,0.7142857142857143,0.9583333333333333,6.214285714285714,0.4482758620689655,0.5517241379310345,0.1839080459770115,-0.3540246098439376
binge_watcher,7,B3_reminder_only,19.642857142857142,135.71428571428572,1.7142857142857142,0.9583333333333334,6.571428571428571,0.05434782608695652,0.0,0.10869565217391304,-0.1498929344465059
binge_watcher,7,B4_rule_based,17.5,128.21428571428572,1.6428571428571428,0.9464285714285715,1.0,0.7142857142857143,0.2857142857142857,0.07142857142857142,-0.040952380952380955
binge_watcher,7,A_no_memory,7.5,120.0,1.5,0.9583333333333334,3.2857142857142856,0.5217391304347826,0.15217391304347827,0.043478260869565216,-0.08339285714285714
binge_watcher,7,B_no_context,7.857142857142857,120.71428571428571,1.6428571428571428,0.9464285714285715,2.4285714285714284,0.6176470588235294,0.11764705882352941,0.058823529411764705,-0.0198937074829932
binge_watcher,7,C_no_personalization,6.071428571428571,122.5,1.5,0.9583333333333334,3.2857142857142856,0.45652173913043476,0.15217391304347827,0.15217391304347827,-0.07245129870129871
binge_watcher,7,D_no_bandit,3.9285714285714284,109.28571428571429,0.8571428571428571,0.9642857142857142,3.9285714285714284,0.5454545454545454,0.07272727272727272,0.03636363636363636,-0.022353896103896105
binge_watcher,7,E_rule_only,13.214285714285714,126.07142857142857,1.6428571428571428,0.9464285714285715,2.7857142857142856,0.358974358974359,0.05128205128205128,0.10256410256410256,-0.06349489795918369
binge_watcher,7,F_full_system,6.428571428571429,118.57142857142857,1.5,0.9583333333333334,3.2857142857142856,0.5434782608695652,0.13043478260869565,0.021739130434782608,-0.06039965986394558
binge_watcher,8,B1_no_intervention,17.142857142857142,132.5,1.7142857142857142,0.9523809523809524,0.0,,,,0.0
binge_watcher,8,B2_static_limit,7.857142857142857,98.21428571428571,0.8571428571428571,0.9523809523809524,5.928571428571429,0.37349397590361444,0.6265060240963856,0.30120481927710846,-0.38431092716807
binge_watcher,8,B3_reminder_only,14.285714285714286,127.5,1.6428571428571428,0.9523809523809524,6.285714285714286,0.06818181818181818,0.0,0.25,-0.18795699340342198
binge_watcher,8,B4_rule_based,10.714285714285714,120.35714285714286,1.5,0.9523809523809524,0.9285714285714286,0.46153846153846156,0.5384615384615384,0.23076923076923078,-0.11279761904761908
binge_watcher,8,A_no_memory,4.642857142857143,113.21428571428571,1.3571428571428572,0.9583333333333333,2.5,0.5714285714285714,0.14285714285714285,0.14285714285714285,-0.06890306122448979
binge_watcher,8,B_no_context,5.0,112.5,1.4285714285714286,0.9523809523809524,2.5,0.5428571428571428,0.14285714285714285,0.11428571428571428,-0.05270408163265307
binge_watcher,8,C_no_personalization,5.714285714285714,113.21428571428571,1.5,0.9583333333333334,2.7142857142857144,0.5263157894736842,0.15789473684210525,0.07894736842105263,-0.06148809523809524
binge_watcher,8,D_no_bandit,5.714285714285714,113.21428571428571,1.2142857142857142,0.9583333333333333,3.7142857142857144,0.36538461538461536,0.1346153846153846,0.11538461538461539,-0.11660714285714284
binge_watcher,8,E_rule_only,9.285714285714286,117.85714285714286,1.4285714285714286,0.9523809523809524,2.4285714285714284,0.2647058823529412,0.17647058823529413,0.20588235294117646,-0.09494047619047619
binge_watcher,8,F_full_system,4.285714285714286,111.07142857142857,1.2857142857142858,0.9583333333333333,2.4285714285714284,0.5588235294117647,0.14705882352941177,0.14705882352941177,-0.06842687074829933
binge_watcher,9,B1_no_intervention,22.857142857142858,166.07142857142858,1.8571428571428572,0.9702380952380951,0.0,,,,0.0
binge_watcher,9,B2_static_limit,7.857142857142857,110.0,1.0714285714285714,0.982142857142857,7.571428571428571,0.3867924528301887,0.6132075471698113,0.1792452830188679,-0.4002029220779221
binge_watcher,9,B3_reminder_only,16.428571428571427,154.28571428571428,1.6428571428571428,0.9702380952380951,7.357142857142857,0.10679611650485436,0.0,0.21359223300970873,-0.16013772175536883
binge_watcher,9,B4_rule_based,17.857142857142858,153.57142857142858,1.5714285714285714,0.9702380952380951,1.0714285714285714,0.6666666666666666,0.3333333333333333,0.0,-0.04791666666666666
binge_watcher,9,A_no_memory,16.785714285714285,155.35714285714286,1.6428571428571428,0.9702380952380951,4.785714285714286,0.26865671641791045,0.08955223880597014,0.14925373134328357,-0.10281552094522019
binge_watcher,9,B_no_context,8.214285714285714,146.42857142857142,1.6428571428571428,0.9702380952380951,3.7857142857142856,0.33962264150943394,0.16981132075471697,0.18867924528301888,-0.1467176870748299
binge_watcher,9,C_no_personalization,9.285714285714286,147.5,1.7142857142857142,0.9702380952380951,4.071428571428571,0.40350877192982454,0.15789473684210525,0.14035087719298245,-0.11394132653061222
binge_watcher,9,D_no_bandit,3.5714285714285716,135.35714285714286,1.2142857142857142,0.9702380952380951,5.285714285714286,0.3783783783783784,0.16216216216216217,0.12162162162162163,-0.11020833333333335
binge_watcher,9,E_rule_only,10.714285714285714,147.85714285714286,1.6428571428571428,0.9702380952380951,3.642857142857143,0.39215686274509803,0.058823529411764705,0.17647058823529413,-0.06197897340754486
binge_watcher,9,F_full_system,7.142857142857143,146.42857142857142,1.7142857142857142,0.9702380952380951,4.5,0.36507936507936506,0.1111111111111111,0.15873015873015872,-0.11578643578643578
